Cement,Blast Furnace Slag,Fly Ash,Water,Superplasticizer,Coarse Aggregate,Fine Aggregate,Age,Strength,Material_Cost_INR,Carbon_Emission_kgCO2,Strength_Norm,Cost_Norm,Carbon_Norm,Cost_Score,Carbon_Score,Optimization_Score
315.0,137.0,0.0,145.0,5.9,1130.0,745.0,28,81.75,5904.75,314.52450000000005,0.9894107387566963,0.3807943821777381,0.47089257911639776,0.6192056178222619,0.5291074208836022,0.7817836290548141
275.0,180.0,120.0,162.0,10.4,830.0,765.0,28,76.24,6134.6,290.16560000000004,0.9207674099912795,0.41494737749275257,0.4143615379959595,0.5850526225072474,0.5856384620040405,0.7530564761234617
190.0,190.0,0.0,228.0,0.0,932.0,670.0,365,53.69,3984.8,191.7544,0.6398405381836303,0.0955124880943713,0.18597324485005884,0.9044875119056287,0.8140267551499412,0.7495488358557076
286.3,200.9,0.0,144.7,11.2,1004.6,803.7,91,76.8,6396.705000000001,301.27151000000003,0.9277438644574562,0.4538930848542573,0.44013563513868287,0.5461069151457427,0.5598643648613171,0.740364752230493
167.0,75.4,167.0,164.0,7.9,1007.3,770.1,100,56.81,4914.76,185.53990000000005,0.6787093559237574,0.23369356063363944,0.17155091235380648,0.7663064393663606,0.8284490876461935,0.7380435597150172
173.5,50.1,173.5,164.8,6.5,1006.2,793.5,100,56.06,4761.23,187.72624,0.6693658901208422,0.2108808159274651,0.17662487203356442,0.7891191840725349,0.8233751279664356,0.7378065230701637
323.7,282.8,0.0,183.8,10.3,942.7,659.9,56,80.2,6636.179999999999,336.29584,0.9701009094306716,0.4894762414914686,0.5214185272005494,0.5105237585085314,0.4785814727994506,0.7323267625423313
190.0,190.0,0.0,228.0,0.0,932.0,670.0,270,50.66,3984.8,191.7544,0.6020929363398531,0.0955124880943713,0.18597324485005884,0.9044875119056287,0.8140267551499412,0.7306750349338189
250.0,180.0,95.0,159.0,9.5,860.0,800.0,28,67.87,5834.95,265.7127,0.8164943316307464,0.37042292656325904,0.35761234589722063,0.629577073436741,0.6423876541027793,0.7262383477002532
165.0,128.5,132.1,175.1,8.1,1005.8,746.6,100,55.02,4986.515,185.80863,0.6564096175407999,0.24435550615823742,0.1721745688686857,0.7556444938417626,0.8278254311313142,0.7240722900136691
173.5,50.1,173.5,164.8,6.5,1006.2,793.5,56,53.77,4761.23,187.72624,0.6408371745359412,0.2108808159274651,0.17662487203356442,0.7891191840725349,0.8233751279664356,0.7235421652777133
139.6,209.4,0.0,192.0,0.0,1047.0,806.9,360,44.7,3887.7,148.9969,0.5278435280926873,0.08108457491147847,0.08674355916198834,0.9189154250885215,0.9132564408380117,0.721964730527977
139.6,209.4,0.0,192.0,0.0,1047.0,806.9,180,44.21,3887.7,148.9969,0.5217391304347827,0.08108457491147847,0.08674355916198834,0.9189154250885215,0.9132564408380117,0.7189125316990246
246.8,0.0,125.1,143.3,12.0,1086.8,800.9,100,66.42,5900.224999999999,260.79959,0.7984302977451103,0.3801220206210687,0.34621022086533354,0.6198779793789313,0.6537897791346665,0.7176320885009546
218.2,54.6,123.8,140.8,11.9,1075.7,792.7,100,63.53,5784.679999999999,237.54514000000003,0.7624268095178772,0.36295339828618367,0.2922423377021704,0.6370466017138163,0.7077576622978297,0.7174144707618502
167.0,75.4,167.0,164.0,7.9,1007.3,770.1,56,53.46,4914.76,185.53990000000005,0.6369752086707363,0.23369356063363944,0.17155091235380648,0.7663064393663606,0.8284490876461935,0.7171764860885066
286.3,200.9,0.0,144.7,11.2,1004.6,803.7,56,72.99,6396.705000000001,301.27151000000003,0.880279058178647,0.4538930848542573,0.44013563513868287,0.5461069151457427,0.5598643648613171,0.7166323490910884
165.0,128.5,132.1,175.1,8.1,1005.8,746.6,56,53.72,4986.515,185.80863,0.6402142768157469,0.24435550615823742,0.1721745688686857,0.7556444938417626,0.8278254311313142,0.7159746196511427
167.4,129.9,128.6,175.5,7.8,1006.3,746.6,100,53.66,4968.735000000001,187.38705,0.6394667995515136,0.24171360815214238,0.17583769511516328,0.7582863918478576,0.8241623048848368,0.7153455739589304
192.0,288.0,0.0,192.0,0.0,929.8,716.1,90,50.73,4337.46,198.8525,0.6029649931481251,0.1479135989396746,0.2024461965423348,0.8520864010603254,0.7975538034576652,0.7138925477035603
203.5,305.3,0.0,203.5,0.0,963.4,630.0,90,51.86,4441.905000000001,209.94385,0.6170424816245172,0.16343289237311687,0.22818650349097264,0.8365671076268831,0.7718134965090273,0.7106163918462363
218.2,54.6,123.8,140.8,11.9,1075.7,792.7,56,61.99,5784.679999999999,237.54514000000003,0.7432415597358915,0.36295339828618367,0.2922423377021704,0.6370466017138163,0.7077576622978297,0.7078218458708572
178.0,129.8,118.6,179.9,3.6,1007.3,746.8,100,49.99,4536.155,188.76617,0.5937461068892489,0.17743732921644984,0.17903829487254225,0.8225626707835502,0.8209617051274578,0.7077541474223764
190.0,190.0,0.0,228.0,0.0,932.0,670.0,180,46.93,3984.8,191.7544,0.555624766413355,0.0955124880943713,0.18597324485005884,0.9044875119056287,0.8140267551499412,0.70744094997057
167.4,129.9,128.6,175.5,7.8,1006.3,746.6,56,51.72,4968.735000000001,187.38705,0.6152983680079731,0.24171360815214238,0.17583769511516328,0.7582863918478576,0.8241623048848368,0.7032613581871602
200.0,200.0,0.0,190.0,0.0,1145.0,660.0,28,49.25,4343.5,202.917,0.5845272206303725,0.14881107160316254,0.21187890559873812,0.8511889283968375,0.7881210944012619,0.7020911160147111
157.0,236.0,0.0,192.0,0.0,935.4,781.2,90,43.38,3955.78,165.01880000000003,0.5113990282795565,0.09120045884032857,0.12392646511125333,0.9087995411596714,0.8760735348887467,0.7019177831518828
213.5,0.0,174.2,154.6,11.7,1052.3,775.5,100,59.3,5613.14,231.19168,0.7097296623894357,0.33746458029037096,0.27749751307884735,0.662535419709629,0.7225024869211527,0.7011243078524133
178.0,129.8,118.6,179.9,3.6,1007.3,746.8,56,48.59,4536.155,188.76617,0.5763049707238073,0.17743732921644984,0.17903829487254225,0.8225626707835502,0.8209617051274578,0.6990335793396556
323.7,282.8,0.0,183.8,10.3,942.7,659.9,28,74.7,6636.179999999999,336.29584,0.9015821602092937,0.4894762414914686,0.5214185272005494,0.5105237585085314,0.4785814727994506,0.6980673879316424
277.2,97.8,24.5,160.7,11.2,1061.7,782.5,100,66.95,6107.174999999999,288.73741,0.8050330135791705,0.4108723464006737,0.4110470587863974,0.5891276535993263,0.5889529412136025,0.6970366554928175
362.6,189.0,0.0,164.9,11.6,944.7,755.8,91,79.3,6938.785000000001,369.36207,0.9588887504671734,0.5344397705204005,0.5981571487240118,0.4655602294795995,0.4018428512759882,0.6962951454224836
277.2,97.8,24.5,160.7,11.2,1061.7,782.5,56,66.82,6107.174999999999,288.73741,0.803413479506665,0.4108723464006737,0.4110470587863974,0.5891276535993263,0.5889529412136025,0.6962268884565647
141.3,212.0,0.0,203.5,0.0,971.8,748.5,90,39.66,3761.885,149.77195,0.4650554378970973,0.062389951872285465,0.08854226039317675,0.9376100481277145,0.9114577396068233,0.6947946658821831
166.8,250.2,0.0,203.5,0.0,975.6,692.6,90,43.57,4041.895,174.45925,0.5137660396162951,0.10399613076355008,0.14583543748461336,0.8960038692364499,0.8541645625153866,0.6944251277461067
214.9,53.8,121.9,155.6,9.6,1014.3,780.6,100,56.63,5389.390000000001,229.61098,0.6764669241310578,0.3042179729302038,0.27382909551076856,0.6957820270697962,0.7261709044892315,0.6937216949552858
213.7,98.1,24.5,181.7,6.9,1065.8,785.4,100,53.9,5061.195,223.57261,0.6424567086084465,0.25545207213659404,0.2598155176082187,0.744547927863406,0.7401844823917814,0.6924114568680201
266.0,114.0,0.0,228.0,0.0,932.0,670.0,365,52.91,4402.8,256.2024,0.6301233337485985,0.15762235122979007,0.33554126878094265,0.8423776487702099,0.6644587312190573,0.691770761871616
139.6,209.4,0.0,192.0,0.0,1047.0,806.9,90,39.36,3887.7,148.9969,0.46131805157593125,0.08108457491147847,0.08674355916198834,0.9189154250885215,0.9132564408380117,0.6887019922695989
173.8,93.4,159.9,172.3,9.7,1007.2,746.6,100,50.94,5205.155000000001,195.67239,0.6055811635729413,0.2768428278709839,0.19506594007847494,0.7231571721290161,0.8049340599215251,0.684813389799106
266.0,114.0,0.0,228.0,0.0,932.0,670.0,270,51.73,4402.8,256.2024,0.615422947552012,0.15762235122979007,0.33554126878094265,0.8423776487702099,0.6644587312190573,0.6844205687733229
362.6,189.0,0.0,164.9,11.6,944.7,755.8,56,77.3,6938.785000000001,369.36207,0.9339728416593995,0.5344397705204005,0.5981571487240118,0.4655602294795995,0.4018428512759882,0.6838371910185966
286.3,200.9,0.0,144.7,11.2,1004.6,803.7,28,67.7,6396.705000000001,301.27151000000003,0.8143764793820856,0.4538930848542573,0.44013563513868287,0.5461069151457427,0.5598643648613171,0.6836810596928078
198.6,132.4,0.0,192.0,0.0,978.4,825.5,360,44.3,4094.48,197.63710000000003,0.5228603463311324,0.11180964069889932,0.19962555080801275,0.8881903593011007,0.8003744491919873,0.6835713752888382
133.0,200.0,0.0,192.0,0.0,927.4,839.2,90,36.59,3692.18,141.7728,0.42680951787716465,0.05203261213579169,0.06997819232858621,0.9479673878642083,0.9300218076714137,0.6829020578224878
304.0,76.0,0.0,228.0,0.0,932.0,670.0,365,55.26,4611.8,288.42640000000006,0.6593995265977327,0.1886772827974995,0.4103252807463847,0.8113227172025005,0.5896747192536154,0.6799491224128953
246.8,0.0,125.1,143.3,12.0,1086.8,800.9,56,60.32,5900.224999999999,260.79959,0.7224367758814003,0.3801220206210687,0.34621022086533354,0.6198779793789313,0.6537897791346665,0.6796353275690996
190.0,190.0,0.0,228.0,0.0,932.0,670.0,90,42.33,3984.8,191.7544,0.49831817615547525,0.0955124880943713,0.18597324485005884,0.9044875119056287,0.8140267551499412,0.6787876548416301
182.0,45.2,122.0,170.2,8.2,1059.4,780.7,100,48.67,4971.089999999999,197.29016000000004,0.5773016070761182,0.2420635333379889,0.19882038803767726,0.7579364666620111,0.8011796119623227,0.6784298231941426
200.0,133.0,0.0,192.0,0.0,965.4,806.2,90,43.25,4073.28,198.7278,0.5097794942070513,0.10865957108533275,0.20215679838282363,0.8913404289146672,0.7978432016171764,0.6771856547364865
214.9,53.8,121.9,155.6,9.6,1014.3,780.6,56,53.96,5389.390000000001,229.61098,0.6432041858726798,0.3042179729302038,0.27382909551076856,0.6957820270697962,0.7261709044892315,0.6770903258260967
304.0,76.0,0.0,228.0,0.0,932.0,670.0,270,54.38,4611.8,288.42640000000006,0.6484365267223123,0.1886772827974995,0.4103252807463847,0.8113227172025005,0.5896747192536154,0.6744676224751851
236.0,157.0,0.0,192.0,0.0,972.6,749.1,90,47.78,4402.82,232.1479,0.5662140276566588,0.15762532299357646,0.2797166655093835,0.8423746770064235,0.7202833344906165,0.6737715167025895
165.0,0.0,143.6,163.8,0.0,1005.6,900.9,100,37.96,3805.51,164.97564,0.4438769154104896,0.06887211163133489,0.12382630132164218,0.9311278883686651,0.8761736986783578,0.6737638544670006
277.2,97.8,24.5,160.7,11.2,1061.7,782.5,28,63.14,6107.174999999999,288.73741,0.7575682073003613,0.4108723464006737,0.4110470587863974,0.5891276535993263,0.5889529412136025,0.6733042523534128
213.7,98.1,24.5,181.7,6.9,1065.8,785.4,56,50.77,5061.195,223.57261,0.6034633113242807,0.25545207213659404,0.2598155176082187,0.744547927863406,0.7401844823917814,0.6729147582259372
122.6,183.9,0.0,203.5,0.0,958.2,800.1,90,33.19,3553.9149999999995,131.62994999999998,0.3844524729039492,0.03148806613957478,0.04643912158120278,0.9685119338604252,0.9535608784187972,0.6727444395217802
173.8,93.4,159.9,172.3,9.7,1007.2,746.6,56,48.99,5205.155000000001,195.67239,0.581288152485362,0.2768428278709839,0.19506594007847494,0.7231571721290161,0.8049340599215251,0.6726668842553163
252.3,0.0,98.8,146.3,14.2,987.8,889.0,100,60.95,6127.825,268.82489,0.7302852871558491,0.413940692510115,0.3648349766754831,0.586059307489885,0.635165023324517,0.6704487262815251
165.0,128.5,132.1,175.1,8.1,1005.8,746.6,28,46.39,4986.515,185.80863,0.5488974710352561,0.24435550615823742,0.1721745688686857,0.7556444938417626,0.8278254311313142,0.6703162167608973
168.9,42.2,124.3,158.3,10.8,1080.8,796.2,100,48.15,5207.924999999999,190.53939000000003,0.570823470786097,0.2772544171553978,0.18315350421022114,0.7227455828446022,0.8168464957897789,0.6703097550516438
190.0,190.0,0.0,228.0,0.0,932.0,670.0,28,40.86,3984.8,191.7544,0.48000498318176155,0.0955124880943713,0.18597324485005884,0.9044875119056287,0.8140267551499412,0.6696310583547733
213.8,98.1,24.5,181.7,6.7,1066.0,785.5,100,49.97,5038.385,223.28871,0.5934969478011711,0.25206277553822354,0.2591566552386498,0.7479372244617765,0.7408433447613503,0.6689436162063673
198.6,132.4,0.0,192.0,0.0,978.4,825.5,180,41.72,4094.48,197.63710000000003,0.49071882396910427,0.11180964069889932,0.19962555080801275,0.8881903593011007,0.8003744491919873,0.6675006141078241
218.2,54.6,123.8,140.8,11.9,1075.7,792.7,28,55.51,5784.679999999999,237.54514000000003,0.6625140151987045,0.36295339828618367,0.2922423377021704,0.6370466017138163,0.7077576622978297,0.6674580736022637
214.9,53.8,121.9,155.6,9.6,1014.3,780.6,28,52.2,5389.390000000001,229.61098,0.6212781861218389,0.3042179729302038,0.27382909551076856,0.6957820270697962,0.7261709044892315,0.6661273259506764
266.0,114.0,0.0,228.0,0.0,932.0,670.0,180,48.7,4402.8,256.2024,0.5776753457082348,0.15762235122979007,0.33554126878094265,0.8423776487702099,0.6644587312190573,0.6655467678514342
313.3,262.2,0.0,175.5,8.6,1046.9,611.8,91,66.6,6358.505,323.2592500000001,0.8006727295378099,0.4482170160222644,0.4911637946239434,0.5517829839777356,0.5088362053760567,0.665491162107353
165.0,0.0,143.6,163.8,0.0,1005.6,900.9,56,36.56,3805.51,164.97564,0.42643577924504805,0.06887211163133489,0.12382630132164218,0.9311278883686651,0.8761736986783578,0.6650432863842798
116.0,173.0,0.0,192.0,0.0,909.8,891.9,90,31.02,3498.26,125.1915,0.35741871184751467,0.02321839046301566,0.03149705598292518,0.9767816095369843,0.9685029440170748,0.6650304943122721
181.4,0.0,167.0,169.6,7.6,1055.6,777.8,100,45.37,4840.9,194.44168,0.5361903575432914,0.22271883697052441,0.19220976358375086,0.7772811630294756,0.8077902364162491,0.6643630286330768
141.9,166.6,129.7,173.5,10.9,882.6,785.3,28,44.61,5126.445,171.40645,0.5267223121963374,0.2651474514896708,0.13875063635104523,0.7348525485103292,0.8612493636489548,0.6623866341379897
213.5,0.0,174.2,159.2,11.7,1043.6,771.9,100,52.96,5599.33,231.10546,0.6307462314687929,0.33541257739587305,0.277297417575134,0.664587422604127,0.7227025824248661,0.6621956169916448
108.3,162.4,0.0,203.5,0.0,938.2,849.0,90,29.23,3392.765,117.72645,0.33511897346455716,0.0075430794307883575,0.014172503210996723,0.9924569205692116,0.9858274967890033,0.6621305910718323
250.2,166.8,0.0,203.5,0.0,977.6,694.1,90,47.71,4504.495,245.20595,0.5653419708483868,0.1727330271426044,0.3100212014901847,0.8272669728573956,0.6899787985098154,0.6619824282659961
142.0,167.0,130.0,174.0,11.0,883.0,785.0,28,44.61,5141.299999999999,171.7152,0.5267223121963374,0.2673547290420072,0.13946716948455845,0.7326452709579928,0.8605328305154416,0.6616556814665273
275.1,0.0,121.4,159.5,9.9,1053.6,777.5,100,58.61,5818.945000000001,281.84395000000006,0.7011336738507538,0.36804477259320567,0.3950490264153916,0.6319552274067943,0.6049509735846084,0.6597933871732276
342.0,38.0,0.0,228.0,0.0,932.0,670.0,365,56.14,4820.8,320.65040000000005,0.6703625264731532,0.21973221436520896,0.4851092927118266,0.780267785634791,0.5148907072881734,0.6589708864673176
337.9,189.0,0.0,174.9,9.5,944.7,755.8,91,67.8,6477.335,343.18707,0.8156222748224742,0.4658737505590629,0.5374113842877084,0.5341262494409371,0.4625886157122916,0.6569898536995443
305.3,203.5,0.0,203.5,0.0,965.4,631.0,90,54.6,5005.205,296.29125000000005,0.6511772766911674,0.2471326194166129,0.4285776714026163,0.7528673805833871,0.5714223285973836,0.6566610656407764
266.0,114.0,0.0,228.0,0.0,932.0,670.0,90,47.03,4402.8,256.2024,0.5568705618537437,0.15762235122979007,0.33554126878094265,0.8423776487702099,0.6644587312190573,0.6551443759241886
313.3,262.2,0.0,175.5,8.6,1046.9,611.8,56,64.9,6358.505,323.2592500000001,0.7794942070512023,0.4482170160222644,0.4911637946239434,0.5517829839777356,0.5088362053760567,0.6549019008640492
212.0,0.0,124.8,159.0,7.8,1085.4,799.5,100,47.82,5097.53,221.562,0.5667123458328143,0.2608510239955065,0.25514938422012795,0.7391489760044935,0.744850615779872,0.6543560708624985
304.0,76.0,0.0,228.0,0.0,932.0,670.0,180,50.95,4611.8,288.42640000000006,0.6057057431169803,0.1886772827974995,0.4103252807463847,0.8113227172025005,0.5896747192536154,0.6531022306725192
342.0,38.0,0.0,228.0,0.0,932.0,670.0,270,55.06,4820.8,320.65040000000005,0.6569079357169554,0.21973221436520896,0.4851092927118266,0.780267785634791,0.5148907072881734,0.6522435910892188
213.5,0.0,174.2,154.6,11.7,1052.3,775.5,56,51.43,5613.14,231.19168,0.6116855612308459,0.33746458029037096,0.27749751307884735,0.662535419709629,0.7225024869211527,0.6521022572731184
213.7,0.0,174.7,154.8,10.2,1053.5,776.4,100,50.08,5438.19,228.57934,0.5948673227855986,0.3114690765689797,0.27143491173147266,0.6885309234310203,0.7285650882685273,0.6517076643176862
213.5,0.0,174.2,159.2,11.7,1043.6,771.9,56,51.26,5599.33,231.10546,0.6095677089821852,0.33541257739587305,0.277297417575134,0.664587422604127,0.7227025824248661,0.6516063557483408
213.8,98.1,24.5,181.7,6.7,1066.0,785.5,56,47.13,5038.385,223.28871,0.5581163572941323,0.25206277553822354,0.2591566552386498,0.7479372244617765,0.7408433447613503,0.6512533209528479
194.7,0.0,100.5,170.2,7.5,998.0,901.8,100,44.28,4863.86,204.58756,0.5226111872430548,0.22613042179729292,0.2157558662190518,0.7738695782027071,0.7842441337809483,0.6508340216174412
401.8,94.7,0.0,147.4,11.4,946.8,852.1,91,75.5,7063.030000000001,399.85552,0.9115485237324032,0.5529011101023624,0.6689249779713928,0.4470988898976376,0.33107502202860717,0.6503177398477628
275.1,0.0,121.4,159.5,9.9,1053.6,777.5,56,56.85,5818.945000000001,281.84395000000006,0.6792076740999129,0.36804477259320567,0.3950490264153916,0.6319552274067943,0.6049509735846084,0.6488303872978072
266.0,114.0,0.0,228.0,0.0,932.0,670.0,28,45.85,4402.8,256.2024,0.5421701756571572,0.15762235122979007,0.33554126878094265,0.8423776487702099,0.6644587312190573,0.6477941828258954
359.0,19.0,141.0,154.0,10.9,942.0,801.0,56,68.75,6637.599999999999,359.97420000000005,0.8274573315061667,0.4896872367203018,0.5763702016531949,0.5103127632796982,0.42362979834680514,0.6472143061597092
203.5,305.3,0.0,203.5,0.0,963.4,630.0,28,41.68,4441.905000000001,209.94385,0.49022050579294885,0.16343289237311687,0.22818650349097264,0.8365671076268831,0.7718134965090273,0.647205403930452
424.0,22.0,132.0,168.0,8.9,822.0,750.0,56,74.36,6746.799999999999,413.41640000000007,0.8973464557119721,0.5059130669939567,0.700396459233245,0.49408693300604334,0.299603540766755,0.6470958462991856
362.6,189.0,0.0,164.9,11.6,944.7,755.8,28,71.3,6938.785000000001,369.36207,0.8592251152360783,0.5344397705204005,0.5981571487240118,0.4655602294795995,0.4018428512759882,0.646463327806936
182.0,45.2,122.0,170.2,8.2,1059.4,780.7,56,43.5,4971.089999999999,197.29016000000004,0.512893982808023,0.2420635333379889,0.19882038803767726,0.7579364666620111,0.8011796119623227,0.646226011060095
212.0,141.3,0.0,203.5,0.0,973.4,750.0,90,39.7,4154.155000000001,209.74585,0.46555375607325283,0.12067664089652175,0.22772699398348883,0.8793233591034783,0.7722730060165112,0.6456759693166237
288.0,192.0,0.0,192.0,0.0,932.0,717.8,90,50.53,4869.8,280.2866,0.6004734022673478,0.22701303564184894,0.39143479847862445,0.7729869643581511,0.6085652015213756,0.6456247426035555
194.7,0.0,100.5,170.2,7.5,998.0,901.8,56,43.39,4863.86,204.58756,0.5115236078235954,0.22613042179729292,0.2157558662190518,0.7738695782027071,0.7842441337809483,0.6452902319077115
160.0,128.0,122.0,182.0,6.4,824.0,879.0,28,39.4,4632.9,177.02360000000004,0.46181636975208673,0.19181249359213426,0.1517866657953006,0.8081875064078657,0.8482133342046994,0.6450083950291846
198.6,132.4,0.0,192.0,0.0,978.4,825.5,90,38.07,4094.48,197.63710000000003,0.44524729039491723,0.11180964069889932,0.19962555080801275,0.8881903593011007,0.8003744491919873,0.6447648473207306
318.8,212.5,0.0,155.7,14.3,852.1,880.4,91,68.1,6974.004999999999,336.11951000000005,0.8193596611436402,0.5396730465482218,0.5210093084558292,0.4603269534517782,0.47899069154417084,0.6445092418208074
102.0,153.0,0.0,192.0,0.0,887.0,942.0,90,25.46,3342.0,111.6196,0.28815248536190363,0.0,0.0,1.0,1.0,0.6440762426809519
366.0,187.0,0.0,191.3,6.6,824.3,756.9,28,65.91,6219.625,361.96829,0.792076740999128,0.42758108828961605,0.5809979961672267,0.572418911710384,0.4190020038327733,0.6438935993853532
451.0,0.0,0.0,165.0,11.3,1030.0,745.0,28,78.8,7178.75,439.1585000000001,0.9526597732652299,0.5700957353703782,0.7601375687918226,0.42990426462962184,0.2398624312081774,0.6437715605920646
192.0,288.0,0.0,192.0,0.0,929.8,716.1,28,39.32,4337.46,198.8525,0.4608197333997758,0.1479135989396746,0.2024461965423348,0.8520864010603254,0.7975538034576652,0.6428199178293856
304.0,76.0,0.0,228.0,0.0,932.0,670.0,90,49.19,4611.8,288.42640000000006,0.5837797433661392,0.1886772827974995,0.4103252807463847,0.8113227172025005,0.5896747192536154,0.6421392307970986
167.0,75.4,167.0,164.0,7.9,1007.3,770.1,28,41.41,4914.76,185.53990000000005,0.48685685810389934,0.23369356063363944,0.17155091235380648,0.7663064393663606,0.8284490876461935,0.6421173108050882
168.0,42.1,163.8,121.8,5.7,1058.7,780.1,100,39.23,4622.53,180.93444,0.45969851750342594,0.19027163406889425,0.16086276762483526,0.8097283659311058,0.8391372323751647,0.6420656583282807
366.0,187.0,0.0,191.0,7.0,824.0,757.0,28,65.91,6267.35,362.71830000000006,0.792076740999128,0.4346724596248742,0.5827385856910041,0.5653275403751258,0.4172614143089959,0.6416856091705944
140.0,133.0,103.0,200.0,7.0,916.0,753.0,28,36.44,4497.2,160.01,0.42494082471658157,0.17164907630152104,0.11230226702496648,0.828350923698479,0.8876977329750335,0.641482576526669
213.7,98.1,24.5,181.7,6.9,1065.8,785.4,28,45.71,5061.195,223.57261,0.5404260620406129,0.25545207213659404,0.2598155176082187,0.744547927863406,0.7401844823917814,0.6413961335841033
157.0,236.0,0.0,192.0,0.0,935.4,781.2,28,33.66,3955.78,165.01880000000003,0.390307711473776,0.09120045884032857,0.12392646511125333,0.9087995411596714,0.8760735348887467,0.6413721247489925
212.6,0.0,100.4,159.4,10.4,1003.8,903.8,100,47.74,5372.2300000000005,226.20002,0.5657157094805034,0.3016681996014865,0.2659130927347741,0.6983318003985135,0.7340869072652259,0.6409625316561866
139.7,163.9,127.7,236.7,5.8,868.6,655.6,28,35.23,4340.305,158.90250999999998,0.40986669988787844,0.1483363323382878,0.10973205397222291,0.8516636676617122,0.8902679460277771,0.6404162533663116
172.4,13.6,172.4,156.8,4.1,1006.3,856.4,100,37.68,4414.799999999999,180.60944,0.4403886881774013,0.1594054095016202,0.16010852222113714,0.8405945904983798,0.8398914777788629,0.6403158611580113
178.0,129.8,118.6,179.9,3.6,1007.3,746.8,28,39.16,4536.155,188.76617,0.45882646069515387,0.17743732921644984,0.17903829487254225,0.8225626707835502,0.8209617051274578,0.640294324325329
139.9,132.6,103.3,200.3,7.4,916.0,753.4,28,36.44,4544.165,160.66139,0.42494082471658157,0.17862752061289655,0.11381398368193552,0.8213724793871034,0.8861860163180645,0.6393600362845828
401.8,94.7,0.0,147.4,11.4,946.8,852.1,56,73.7,7063.030000000001,399.85552,0.8891242058054069,0.5529011101023624,0.6689249779713928,0.4470988898976376,0.33107502202860717,0.6391055808842646
140.0,164.0,128.0,237.0,6.0,869.0,656.0,28,35.23,4368.65,159.56709999999998,0.40986669988787844,0.15254806456453995,0.11127440459635751,0.84745193543546,0.8887255954036425,0.6389777326537148
321.3,164.2,0.0,190.5,4.6,870.0,774.0,28,57.22,5603.175,317.24355,0.683817117229351,0.3359838989838053,0.47720282823924515,0.6640161010161947,0.5227971717607549,0.6386118768089128
252.3,0.0,98.8,146.3,14.2,987.8,889.0,56,55.83,6127.825,268.82489,0.6665005606079482,0.413940692510115,0.3648349766754831,0.586059307489885,0.635165023324517,0.6385563630075746
167.4,129.9,128.6,175.5,7.8,1006.3,746.6,28,41.2,4968.735000000001,187.38705,0.4842406876790831,0.24171360815214238,0.17583769511516328,0.7582863918478576,0.8241623048848368,0.6377325180227151
212.0,0.0,124.8,159.0,7.8,1085.4,799.5,56,45.08,5097.53,221.562,0.5325775507661642,0.2608510239955065,0.25514938422012795,0.7391489760044935,0.744850615779872,0.6372886733291735
321.0,164.0,0.0,190.0,5.0,870.0,774.0,28,57.21,5648.0,317.71500000000003,0.6836925376853121,0.34264436457003766,0.47829694822562513,0.6573556354299623,0.5217030517743748,0.6366109406437404
389.9,189.0,0.0,145.9,22.0,944.7,755.8,91,82.6,8417.885,413.4783699999999,1.0,0.754216561342405,0.7005402764260669,0.245783438657595,0.29945972357393313,0.636310790557882
359.0,19.0,141.0,154.0,10.9,942.0,801.0,56,66.78,6637.599999999999,359.97420000000005,0.8029151613305097,0.4896872367203018,0.5763702016531949,0.5103127632796982,0.42362979834680514,0.6349432210718807
325.6,166.4,0.0,174.0,8.9,881.6,790.0,28,61.24,6191.42,329.47980000000007,0.7338980939329763,0.4233901584098685,0.5056001676884798,0.5766098415901315,0.4943998323115202,0.6347014654419011
297.2,0.0,117.5,174.8,9.5,1022.8,753.5,100,56.74,5890.799999999999,300.51484,0.6778372991154853,0.37872157693673536,0.43837958938601734,0.6212784230632646,0.5616204106139826,0.6346433579770545
166.8,250.2,0.0,203.5,0.0,975.6,692.6,28,33.95,4041.895,174.45925,0.3939205182509033,0.10399613076355008,0.14583543748461336,0.8960038692364499,0.8541645625153866,0.6345023670634108
231.8,0.0,121.6,174.0,6.7,1056.4,778.5,100,45.84,5072.38,236.8951,0.5420455961131183,0.2571140310341291,0.2907337540645705,0.7428859689658709,0.7092662459354295,0.6340608517818842
141.3,212.0,0.0,203.5,0.0,971.8,748.5,28,29.89,3761.885,149.77195,0.3433412233711225,0.062389951872285465,0.08854226039317675,0.9376100481277145,0.9114577396068233,0.6339375586191958
342.0,38.0,0.0,228.0,0.0,932.0,670.0,180,52.12,4820.8,320.65040000000005,0.6202815497695279,0.21973221436520896,0.4851092927118266,0.780267785634791,0.5148907072881734,0.6339303981155051
326.0,166.0,0.0,174.0,9.0,882.0,790.0,28,61.23,6206.099999999999,330.01020000000005,0.7337735143889373,0.4255714330290741,0.5068310961873153,0.5744285669709259,0.49316890381268474,0.6337861248903713
304.0,76.0,0.0,228.0,0.0,932.0,670.0,28,47.81,4611.8,288.42640000000006,0.5665877662887755,0.1886772827974995,0.4103252807463847,0.8113227172025005,0.5896747192536154,0.6335432422584167
424.0,22.0,132.0,168.0,8.9,822.0,750.0,28,72.1,6746.799999999999,413.41640000000007,0.8691914787591878,0.5059130669939567,0.700396459233245,0.49408693300604334,0.299603540766755,0.6330183578227935
146.0,230.0,0.0,202.0,3.0,827.0,872.0,28,33.06,4165.5,160.03660000000002,0.3828329388314439,0.12236237390434779,0.11236399911031536,0.8776376260956522,0.8876360008896846,0.6327348761620561
318.8,212.5,0.0,155.7,14.3,852.1,880.4,56,66.1,6974.004999999999,336.11951000000005,0.7944437523358664,0.5396730465482218,0.5210093084558292,0.4603269534517782,0.47899069154417084,0.6320512874169204
173.0,116.0,0.0,192.0,0.0,946.8,856.8,90,32.1,3821.06,173.64800000000002,0.37087330260371254,0.07118265797524814,0.1439527249192285,0.9288173420247519,0.8560472750807715,0.6316528055782371
277.1,0.0,97.4,160.6,11.8,973.9,875.6,100,55.64,6018.460000000001,286.42118,0.6641335492712097,0.3976903451852226,0.4056716562282197,0.6023096548147774,0.5943283437717803,0.6312262742822443
246.8,0.0,125.1,143.3,12.0,1086.8,800.9,28,52.5,5900.224999999999,260.79959,0.6250155724430049,0.3801220206210687,0.34621022086533354,0.6198779793789313,0.6537897791346665,0.6309247258499019
133.0,210.0,0.0,196.0,3.0,949.0,795.0,28,31.03,4064.1,147.8858,0.35754329139155355,0.10729553150738258,0.08416496818337599,0.8927044684926174,0.915835031816624,0.6309065207730871
213.7,0.0,174.7,154.8,10.2,1053.5,776.4,56,46.64,5438.19,228.57934,0.5520119596362277,0.3114690765689797,0.27143491173147266,0.6885309234310203,0.7285650882685273,0.6302799827430008
485.0,0.0,0.0,146.0,0.0,1120.0,800.0,28,71.99,6273.8,449.5038,0.8678211037747602,0.43563085344598285,0.7841464764068327,0.5643691465540172,0.21585352359316734,0.6289662194241763
172.4,13.6,172.4,156.8,4.1,1006.3,856.4,56,35.85,4414.799999999999,180.60944,0.41759063161828835,0.1594054095016202,0.16010852222113714,0.8405945904983798,0.8398914777788629,0.6289168328784549
133.0,200.0,0.0,192.0,0.0,927.4,839.2,28,27.87,3692.18,141.7728,0.318176155475271,0.05203261213579169,0.06997819232858621,0.9479673878642083,0.9300218076714137,0.628585376621541
145.9,230.5,0.0,202.5,3.4,827.0,871.8,28,32.72,4213.975,160.72375000000002,0.37859723433412235,0.1295651863815953,0.11395870596924207,0.8704348136184047,0.8860412940307579,0.6284176440793519
540.0,0.0,0.0,162.0,2.5,1040.0,676.0,28,79.99,6822.1,502.4486,0.9674847390058553,0.5171017576496915,0.9070183904059614,0.48289824235030854,0.09298160959403856,0.6277123324890144
132.0,207.0,161.0,179.0,5.0,867.0,736.0,28,33.3,4450.349999999999,153.9807,0.38582284788837673,0.1646877196319172,0.0983097383710676,0.8353122803680828,0.9016902616289324,0.6271620594434422
190.7,0.0,125.4,162.1,7.8,1090.0,804.0,100,40.57,4927.855,202.46843,0.4763921764046344,0.235639322972774,0.21083788448877855,0.764360677027226,0.7891621155112214,0.626576786336929
173.5,50.1,173.5,164.8,6.5,1006.2,793.5,28,38.2,4761.23,187.72624,0.44686682446742254,0.2108808159274651,0.17662487203356442,0.7891191840725349,0.8233751279664356,0.6265569902434539
297.8,137.2,106.9,201.3,6.0,878.4,655.3,28,53.52,5596.145,299.68479,0.6377226859349696,0.3349393240128915,0.43645324662497237,0.6650606759871085,0.5635467533750276,0.6260132003080188
183.9,122.6,0.0,203.5,0.0,959.2,800.0,90,32.53,3892.165,183.61985,0.3762302229973839,0.0817480211767887,0.16709494654651225,0.9182519788232113,0.8329050534534878,0.6259043695678667
298.0,137.0,107.0,201.0,6.0,878.0,655.0,28,53.52,5596.65,299.8523,0.6377226859349696,0.3350143610484976,0.43684199630981385,0.6649856389515024,0.5631580036901862,0.625897253627907
222.4,0.0,96.7,189.3,4.5,967.1,870.3,100,40.71,4664.085,223.37599,0.4781362900211785,0.19644621627605297,0.25935921074275675,0.803553783723947,0.7406407892572433,0.6251167882558868
132.0,206.5,160.9,178.9,5.5,866.9,735.6,28,33.31,4508.125000000001,154.88917000000004,0.38594742743241567,0.1732724022698332,0.10041807474613729,0.8267275977301668,0.8995819252538627,0.6245510944622152
522.0,0.0,0.0,146.0,0.0,896.0,896.0,28,74.99,6415.5,481.4918,0.9051949669864209,0.45668579987251123,0.8583827901714352,0.5433142001274888,0.14161720982856485,0.6238303359822238
342.0,38.0,0.0,228.0,0.0,932.0,670.0,90,50.46,4820.8,320.65040000000005,0.5996013454590757,0.21973221436520896,0.4851092927118266,0.780267785634791,0.5148907072881734,0.623590295960279
313.3,262.2,0.0,175.5,8.6,1046.9,611.8,28,59.8,6358.505,323.2592500000001,0.7159586395913791,0.4482170160222644,0.4911637946239434,0.5517829839777356,0.5088362053760567,0.6231341171341376
238.1,0.0,94.1,186.7,7.0,949.9,847.0,100,44.3,5048.264999999999,241.88091,0.5228603463311324,0.253530826848697,0.30230459799137727,0.746469173151303,0.6976954020086228,0.6224713169555477
285.0,190.0,0.0,163.0,7.6,1031.0,685.0,28,53.58,5834.85,292.3899,0.6384701631992027,0.3704080677443272,0.4195235935388694,0.6295919322556728,0.5804764064611305,0.6217521662788021
166.1,0.0,163.3,176.5,4.5,1058.6,780.1,100,33.54,4337.695,174.78135,0.3888127569453096,0.14794851716416457,0.14658295269855548,0.8520514828358354,0.8534170473014445,0.6207735110069748
212.5,0.0,100.4,159.3,8.7,1007.8,903.6,100,42.92,5171.975,222.94499,0.5056683692537686,0.2719126717493733,0.25835896529969865,0.7280873282506267,0.7416410347003013,0.6202662753646163
212.6,0.0,100.4,159.4,10.4,1003.8,903.8,56,44.4,5372.2300000000005,226.20002,0.5241061417715212,0.3016681996014865,0.2659130927347741,0.6983318003985135,0.7340869072652259,0.6201577478016954
162.0,207.0,172.0,216.0,10.0,822.0,638.0,28,39.84,5177.2,189.8388,0.46729786968979703,0.27268904503856595,0.1815276064029076,0.727310954961434,0.8184723935970923,0.6200947719845301
218.9,0.0,124.1,158.5,11.3,1078.7,794.9,100,46.23,5562.115,234.25635000000003,0.5469041983306341,0.3298828679303596,0.2846098615753138,0.6701171320696404,0.7153901384246861,0.6198289167888986
139.6,209.4,0.0,192.0,0.0,1047.0,806.9,28,28.24,3887.7,148.9969,0.3227855986047091,0.08108457491147847,0.08674355916198834,0.9189154250885215,0.9132564408380117,0.619435765783988
249.1,0.0,98.8,158.1,12.8,987.8,889.0,100,51.06,5933.215,263.31643,0.6070761181014078,0.38502394498670867,0.3520511901017754,0.6149760550132913,0.6479488098982247,0.6192692752785829
280.0,129.0,100.0,172.0,9.0,825.0,805.0,28,52.82,5850.6,289.00460000000004,0.6290021178522487,0.37274833172610433,0.4116671413384409,0.6272516682738957,0.588332858661559,0.618397190659988
212.5,0.0,100.4,159.3,8.7,1007.8,903.6,56,42.55,5171.975,222.94499,0.5010589261243305,0.2719126717493733,0.25835896529969865,0.7280873282506267,0.7416410347003013,0.6179615537998973
213.5,0.0,174.2,154.6,11.7,1052.3,775.5,28,45.94,5613.14,231.19168,0.5432913915535069,0.33746458029037096,0.27749751307884735,0.662535419709629,0.7225024869211527,0.6179051724344489
122.6,183.9,0.0,203.5,0.0,958.2,800.1,28,24.29,3553.9149999999995,131.62994999999998,0.2735766787093559,0.03148806613957478,0.04643912158120278,0.9685119338604252,0.9535608784187972,0.6173065424244836
212.1,0.0,121.6,180.3,5.7,1057.6,779.3,100,39.61,4787.485,217.30059,0.464432540176903,0.21478199883804028,0.2452596952792871,0.7852180011619597,0.7547403047207129,0.6172058465591197
133.1,210.2,0.0,195.7,3.1,949.4,795.3,28,28.94,4078.315,148.17880999999997,0.33150616668743,0.10940771261855475,0.0848449726317993,0.8905922873814452,0.9151550273682008,0.6171899120311265
389.9,189.0,0.0,145.9,22.0,944.7,755.8,56,79.4,8417.885,413.4783699999999,0.9601345459075621,0.754216561342405,0.7005402764260669,0.245783438657595,0.29945972357393313,0.6163780635116631
279.8,128.9,100.4,172.4,9.5,825.1,804.9,28,52.83,5909.44,289.77062,0.6291266973962876,0.381491260785645,0.41344488615118186,0.618508739214355,0.5865551138488181,0.6158293119639371
172.4,13.6,172.4,156.8,4.1,1006.3,856.4,28,33.69,4414.799999999999,180.60944,0.3906814501058926,0.1594054095016202,0.16010852222113714,0.8405945904983798,0.8398914777788629,0.615462242122257
380.0,0.0,0.0,228.0,0.0,932.0,670.0,270,53.3,5029.8,352.87440000000004,0.6349819359661144,0.2507871459329183,0.5598933046772685,0.7492128540670817,0.4401066953227315,0.6148208553305105
237.5,237.5,0.0,228.0,0.0,932.0,594.0,365,39.0,4455.05,236.5944,0.456833187990532,0.1653860841217175,0.29003590300951815,0.8346139158782825,0.7099640969904819,0.6145610972124571
231.8,0.0,121.6,174.0,6.7,1056.4,778.5,56,42.7,5072.38,236.8951,0.5029276192849135,0.2571140310341291,0.2907337540645705,0.7428859689658709,0.7092662459354295,0.6145018633677819
275.1,0.0,121.4,159.5,9.9,1053.6,777.5,28,51.33,5818.945000000001,281.84395000000006,0.6104397657904572,0.36804477259320567,0.3950490264153916,0.6319552274067943,0.6049509735846084,0.6144464331430792
190.3,0.0,125.2,161.9,9.9,1088.1,802.6,100,40.39,5172.365,206.02877000000004,0.4741497446119348,0.2719706211432077,0.21910056165986358,0.7280293788567923,0.7808994383401364,0.6143070766051996
168.9,42.2,124.3,158.3,10.8,1080.8,796.2,56,39.15,5207.924999999999,190.53939000000003,0.458701881151115,0.2772544171553978,0.18315350421022114,0.7227455828446022,0.8168464957897789,0.6142489602341528
153.0,102.0,0.0,192.0,0.0,888.0,943.1,90,26.32,3624.8,154.88110000000003,0.29886632614924635,0.0420207399394652,0.10039934625257468,0.9579792600605348,0.8996006537474253,0.6138281415266131
380.0,0.0,0.0,228.0,0.0,932.0,670.0,180,53.1,5029.8,352.87440000000004,0.6324903450853371,0.2507871459329183,0.5598933046772685,0.7492128540670817,0.4401066953227315,0.6135750598901218
260.0,101.0,78.0,171.0,10.0,936.0,763.0,28,49.77,5763.75,271.5123,0.5910053569203938,0.3598434474837332,0.37107179710733657,0.6401565525162668,0.6289282028926635,0.6127738673124294
210.7,316.1,0.0,185.7,0.0,977.0,689.3,28,37.81,4610.235,217.38541,0.44200822224990666,0.18844474228121488,0.2454565417258769,0.8115552577187851,0.7545434582741231,0.6125287901231804
380.0,0.0,0.0,228.0,0.0,932.0,670.0,90,52.91,5029.8,352.87440000000004,0.6301233337485985,0.2507871459329183,0.5598933046772685,0.7492128540670817,0.4401066953227315,0.6123915542217525
251.4,0.0,118.3,188.5,6.4,1028.4,757.7,100,44.21,5142.705,253.55835,0.5217391304347827,0.26756349544800073,0.3294050762897179,0.7324365045519993,0.6705949237102822,0.6116274222829616
251.4,0.0,118.3,188.5,5.8,1028.4,757.7,100,43.58,5070.705,252.43035,0.5138906191603339,0.25686514581701947,0.32678726455011337,0.7431348541829805,0.6732127354498867,0.6110322069883838
295.7,0.0,95.6,171.5,8.9,955.1,859.2,100,52.04,5786.544999999999,297.43145,0.6192849134172169,0.36323051525926386,0.43122379635429803,0.6367694847407361,0.568776203645702,0.6110288788052181
116.0,173.0,0.0,192.0,0.0,909.8,891.9,28,22.35,3498.26,125.1915,0.24940824716581542,0.02321839046301566,0.03149705598292518,0.9767816095369843,0.9685029440170748,0.6110252619714225
359.0,19.0,141.0,154.0,10.9,942.0,801.0,28,62.94,6637.599999999999,359.97420000000005,0.7550766164195839,0.4896872367203018,0.5763702016531949,0.5103127632796982,0.42362979834680514,0.6110239486164178
237.5,237.5,0.0,228.0,0.0,932.0,594.0,270,38.41,4455.05,236.5944,0.4494829948922387,0.1653860841217175,0.29003590300951815,0.8346139158782825,0.7099640969904819,0.6108860006633104
259.9,100.6,78.4,170.6,10.4,935.7,762.9,28,49.77,5810.02,272.16128,0.5910053569203938,0.36671862300353186,0.3725779207445428,0.6332813769964681,0.6274220792554572,0.6106785425231782
229.7,0.0,118.2,195.2,6.1,1028.1,757.6,100,40.86,4921.93,233.46076,0.48000498318176155,0.23475893795105796,0.28276349203461154,0.765241062048942,0.7172365079653884,0.6106218840944634
213.5,0.0,174.2,159.2,11.7,1043.6,771.9,28,44.64,5599.33,231.10546,0.527096050828454,0.33541257739587305,0.277297417575134,0.664587422604127,0.7227025824248661,0.6103705266714753
380.0,0.0,0.0,228.0,0.0,932.0,670.0,365,52.52,5029.8,352.87440000000004,0.6252647315310826,0.2507871459329183,0.5598933046772685,0.7492128540670817,0.4401066953227315,0.6099622531129947
178.0,129.8,118.6,179.9,3.6,1007.3,746.8,14,34.24,4536.155,188.76617,0.39753332502803046,0.17743732921644984,0.17903829487254225,0.8225626707835502,0.8209617051274578,0.6096477564917673
331.0,170.0,0.0,195.0,8.0,811.0,802.0,28,56.61,6068.45,332.3365,0.67621776504298,0.40511826876928847,0.5122298687492319,0.5948817312307115,0.48777013125076807,0.6087718481418599
330.5,169.6,0.0,194.9,8.1,811.0,802.3,28,56.62,6075.295,332.05517000000003,0.6763423445870188,0.40613535492517827,0.51157697072024,0.5938646450748217,0.48842302927976,0.6087430908821548
108.3,162.4,0.0,203.5,0.0,938.2,849.0,28,20.59,3392.765,117.72645,0.22748224741497444,0.0075430794307883575,0.014172503210996723,0.9924569205692116,0.9858274967890033,0.608312228047041
213.8,98.1,24.5,181.7,6.7,1066.0,785.5,28,40.23,5038.385,223.28871,0.4721564719073128,0.25206277553822354,0.2591566552386498,0.7479372244617765,0.7408433447613503,0.6082733782594381
228.0,342.1,0.0,185.7,0.0,955.8,674.3,28,39.7,4794.845,234.06281,0.46555375607325283,0.21587560791142957,0.2841607026355238,0.7841243920885704,0.7158392973644763,0.6077678003998881
337.9,189.0,0.0,174.9,9.5,944.7,755.8,56,59.89,6477.335,343.18707,0.717079855487729,0.4658737505590629,0.5374113842877084,0.5341262494409371,0.4625886157122916,0.6077186440321717
250.0,0.0,95.7,187.4,5.5,956.9,861.2,100,42.35,4995.25,249.94132,0.4985673352435531,0.24565342399194046,0.3210108355126771,0.7543465760080595,0.6789891644873229,0.6076176027456222
194.7,0.0,100.5,170.2,7.5,998.0,901.8,28,37.27,4863.86,204.58756,0.43528092687180775,0.22613042179729292,0.2157558662190518,0.7738695782027071,0.7842441337809483,0.6071688914318177
194.7,0.0,100.5,165.6,7.5,1006.4,905.9,100,37.34,4877.81,204.67388,0.4361529836800798,0.22820322703829565,0.21595619379827402,0.7717967729617043,0.784043806201726,0.6070366366308975
401.8,94.7,0.0,147.4,11.4,946.8,852.1,28,68.5,7063.030000000001,399.85552,0.824342842905195,0.5529011101023624,0.6689249779713928,0.4470988898976376,0.33107502202860717,0.6067148994341587
374.0,189.2,0.0,170.1,10.1,926.1,756.7,91,64.9,6835.124999999999,376.66973,0.7794942070512023,0.5190371188155736,0.6151164378525924,0.4809628811844264,0.3848835621474076,0.6062087143585596
252.3,0.0,98.8,146.3,14.2,987.8,889.0,28,50.6,6127.825,268.82489,0.6013454590756199,0.413940692510115,0.3648349766754831,0.586059307489885,0.635165023324517,0.6059788122414105
297.2,0.0,117.5,174.8,9.5,1022.8,753.5,56,51.96,5890.799999999999,300.51484,0.618288277064906,0.37872157693673536,0.43837958938601734,0.6212784230632646,0.5616204106139826,0.6048688469517648
160.0,250.0,0.0,168.0,12.0,1049.0,688.0,28,39.45,5505.2,191.4424,0.46243926747228115,0.32142597113525817,0.18524916926250856,0.6785740288647418,0.8147508307374914,0.6045508486366988
155.6,243.5,0.0,180.3,10.7,1022.0,697.7,28,37.36,5270.214999999999,184.53659,0.43640214276815753,0.28650997546808976,0.1692224755661621,0.7134900245319102,0.8307775244338379,0.6042679586255159
439.0,177.0,0.0,186.0,11.1,884.9,707.9,91,73.3,7373.58,435.8465,0.8841410240438521,0.5990451722954346,0.7524512279393663,0.40095482770456536,0.24754877206063375,0.6041964119632258
212.0,141.3,0.0,203.5,0.0,973.4,750.0,28,33.0,4154.155000000001,209.74585,0.3820854615672107,0.12067664089652175,0.22772699398348883,0.8793233591034783,0.7722730060165112,0.6039418220636027
540.0,0.0,0.0,173.0,0.0,1125.0,613.0,270,74.17,6561.65,498.1169,0.8949794443752337,0.4784019637415099,0.8969655755899639,0.5215980362584901,0.10303442441003607,0.6036478373547484
159.8,250.0,0.0,168.4,12.2,1049.3,688.2,28,39.46,5528.08,191.64192000000003,0.46256384701632,0.32482566890688114,0.18571220631772667,0.6751743310931189,0.8142877936822733,0.6036474547020081
181.4,0.0,167.0,169.6,7.6,1055.6,777.8,56,35.57,4840.9,194.44168,0.4141024043852,0.22271883697052441,0.19220976358375086,0.7772811630294756,0.8077902364162491,0.6033190520540311
173.8,93.4,159.9,172.3,9.7,1007.2,746.6,28,37.81,5205.155000000001,195.67239,0.44200822224990666,0.2768428278709839,0.19506594007847494,0.7231571721290161,0.8049340599215251,0.6030269191375885
190.3,0.0,125.2,161.9,9.9,1088.1,802.6,56,38.56,5172.365,206.02877000000004,0.4513516880528218,0.2719706211432077,0.21910056165986358,0.7280293788567923,0.7808994383401364,0.602908048325643
277.1,0.0,97.4,160.6,11.8,973.9,875.6,56,51.04,6018.460000000001,286.42118,0.6068269590133301,0.3976903451852226,0.4056716562282197,0.6023096548147774,0.5943283437717803,0.6025729791533044
156.0,243.0,0.0,180.0,11.0,1022.0,698.0,28,37.36,5308.4,185.436,0.43640214276815753,0.2921838154772428,0.1713097859001318,0.7078161845227572,0.8286902140998682,0.6023276710397352
168.0,42.1,163.8,121.8,5.7,1058.7,780.1,56,32.85,4622.53,180.93444,0.3802167684066277,0.19027163406889425,0.16086276762483526,0.8097283659311058,0.8391372323751647,0.6023247837798815
150.0,236.8,0.0,173.8,11.9,1069.3,674.8,28,37.43,5380.05,181.66614,0.4372741995764296,0.30283015924196244,0.16256086412294585,0.6971698407580376,0.8374391358770541,0.6022893439469876
250.0,0.0,95.7,191.8,5.3,948.9,857.2,100,41.16,4957.87,249.48264,0.4837423695029276,0.24009919747518937,0.31994635156877477,0.7599008025248106,0.6800536484312252,0.6018597974904727
150.0,237.0,0.0,174.0,12.0,1069.0,675.0,28,37.43,5392.5,181.8632,0.4372741995764296,0.30468008219898624,0.1630181921206466,0.6953199178010138,0.8369818078793534,0.6017125312083066
165.0,0.0,143.6,163.8,0.0,1005.6,900.9,28,26.2,3805.51,164.97564,0.29737137162077987,0.06887211163133489,0.12382630132164218,0.9311278883686651,0.8761736986783578,0.6005110825721457
148.0,175.0,0.0,171.0,2.0,1000.0,828.0,28,26.92,4059.55,158.2513,0.3063410987915785,0.10661945524598027,0.10822075505116985,0.8933805447540197,0.8917792449488302,0.5994604968215017
145.0,116.0,119.0,184.0,5.7,833.0,880.0,28,29.16,4391.299999999999,161.58020000000002,0.3342469166562851,0.15591358705261937,0.11594631666461824,0.8440864129473806,0.8840536833353818,0.5991584823988332
475.0,118.8,0.0,181.1,8.9,852.1,781.5,91,74.19,7274.975,461.18823,0.8952286034633113,0.5843936338876168,0.8112631767832403,0.4156063661123832,0.18873682321675966,0.5987000990639414
147.8,175.1,0.0,171.2,2.2,1000.0,828.5,28,26.92,4082.66,158.45506,0.3063410987915785,0.11005332830114656,0.10869363210796229,0.8899466716988534,0.8913063678920377,0.5984838092935121
356.0,119.0,0.0,160.0,9.0,1061.0,657.0,28,59.0,6401.2,355.32900000000006,0.7059922760682696,0.45456098876524687,0.5655898301170146,0.5454390112347531,0.4344101698829854,0.5979584333135695
237.5,237.5,0.0,228.0,0.0,932.0,594.0,180,36.25,4455.05,236.5944,0.42257381337984307,0.1653860841217175,0.29003590300951815,0.8346139158782825,0.7099640969904819,0.5974314099071126
200.0,133.0,0.0,192.0,0.0,965.4,806.2,28,30.44,4073.28,198.7278,0.3501930982932603,0.10865957108533275,0.20215679838282363,0.8913404289146672,0.7978432016171764,0.597392456779591
374.0,189.2,0.0,170.1,10.1,926.1,756.7,56,63.4,6835.124999999999,376.66973,0.760807275445372,0.5190371188155736,0.6151164378525924,0.4809628811844264,0.3848835621474076,0.5968652485556445
193.5,290.2,0.0,185.7,0.0,998.2,704.3,28,32.63,4426.775,200.80321,0.37747601843777256,0.1611847530687175,0.20697331670063635,0.8388152469312825,0.7930266832993637,0.5966984917765478
212.0,0.0,124.8,159.0,7.8,1085.4,799.5,28,38.5,5097.53,221.562,0.45060421078858853,0.2608510239955065,0.25514938422012795,0.7391489760044935,0.744850615779872,0.5963020033403856
424.0,22.0,132.0,178.0,8.5,822.0,750.0,56,65.7,6699.299999999999,412.6674000000001,0.7894605705743118,0.4988551280012954,0.6986582136721069,0.5011448719987046,0.3013417863278931,0.5953519498688054
239.6,359.4,0.0,185.7,0.0,941.6,664.3,28,39.44,4918.304999999999,245.23881,0.4623146879282422,0.23422030576477582,0.3100974615023863,0.7657796942352242,0.6899025384976136,0.5950779021473306
250.2,166.8,0.0,203.5,0.0,977.6,694.1,28,36.96,4504.495,245.20595,0.43141896100660276,0.1727330271426044,0.3100212014901847,0.8272669728573956,0.6899787985098154,0.595020923345104
289.0,133.7,0.0,194.9,5.5,924.1,760.1,28,46.25,5396.365,288.64417000000003,0.5471533574187118,0.3052543755507049,0.41083067158196424,0.6947456244492951,0.5891693284180357,0.5945554169261886
284.0,15.0,141.0,179.0,5.5,842.0,801.0,56,44.52,5221.349999999999,281.3217,0.5256010962999876,0.27924921359700783,0.39383701207052585,0.7207507864029922,0.6061629879294741,0.5945289917331104
439.0,177.0,0.0,186.0,11.1,884.9,707.9,56,71.7,7373.58,435.8465,0.8642082969976331,0.5990451722954346,0.7524512279393663,0.40095482770456536,0.24754877206063375,0.5942300484401163
173.5,50.1,173.5,164.8,6.5,1006.2,793.5,14,33.01,4761.23,187.72624,0.38221004111124957,0.2108808159274651,0.17662487203356442,0.7891191840725349,0.8233751279664356,0.5942285985653675
190.7,0.0,125.4,162.1,7.8,1090.0,804.0,56,35.34,4927.855,202.46843,0.41123707487230604,0.235639322972774,0.21083788448877855,0.764360677027226,0.7891621155112214,0.5939992355707648
238.1,0.0,94.1,186.7,7.0,949.9,847.0,56,39.59,5048.264999999999,241.88091,0.4641833810888253,0.253530826848697,0.30230459799137727,0.746469173151303,0.6976954020086228,0.5931328343343941
102.0,153.0,0.0,192.0,0.0,887.0,942.0,28,17.28,3342.0,111.6196,0.1862464183381089,0.0,0.0,1.0,1.0,0.5931232091690545
290.4,0.0,96.2,168.1,9.4,961.2,865.0,100,48.97,5815.645,293.69443,0.5810389933972842,0.36755443156845236,0.4225510881742119,0.6324455684315476,0.5774489118257882,0.5929931167629761
250.0,0.0,95.7,191.8,5.3,948.9,857.2,56,39.64,4957.87,249.48264,0.4648062788090196,0.24009919747518937,0.31994635156877477,0.7599008025248106,0.6800536484312252,0.5923917521435187
289.0,134.0,0.0,195.0,6.0,924.0,760.0,28,46.24,5457.05,289.5985,0.5470287778746731,0.3142714498195396,0.41304543778538333,0.6857285501804604,0.5869545622146166,0.5916851670361059
172.4,13.6,172.4,156.8,4.1,1006.3,856.4,14,29.75,4414.799999999999,180.60944,0.34159710975457835,0.1594054095016202,0.16010852222113714,0.8405945904983798,0.8398914777788629,0.5909200719465999
295.7,0.0,95.6,171.5,8.9,955.1,859.2,56,48.72,5786.544999999999,297.43145,0.5779245047963125,0.36323051525926386,0.43122379635429803,0.6367694847407361,0.568776203645702,0.5903486744947658
166.1,0.0,163.3,176.5,4.5,1058.6,780.1,56,28.63,4337.695,174.78135,0.327644200822225,0.14794851716416457,0.14658295269855548,0.8520514828358354,0.8534170473014445,0.5901892329454325
322.0,149.0,0.0,186.0,8.0,951.0,709.0,28,52.42,6003.5,323.7968,0.624018936090694,0.3954674658730075,0.49241131652165987,0.6045325341269925,0.5075886834783401,0.5900397724466802
170.3,155.5,0.0,185.7,0.0,1026.6,724.3,28,25.73,3879.555,173.24601,0.2915161330509531,0.07987432410947382,0.14301980458128194,0.9201256758905262,0.8569801954187181,0.5900345343527876
213.7,0.0,174.7,154.8,10.2,1053.5,776.4,28,40.15,5438.19,228.57934,0.47115983555500185,0.3114690765689797,0.27143491173147266,0.6885309234310203,0.7285650882685273,0.5898539207023878
284.0,15.0,141.0,179.0,5.5,842.0,801.0,28,43.73,5221.349999999999,281.3217,0.5157593123209169,0.27924921359700783,0.39383701207052585,0.7207507864029922,0.6061629879294741,0.589608099743575
359.0,19.0,141.0,154.0,10.9,942.0,801.0,28,59.49,6637.599999999999,359.97420000000005,0.7120966737261742,0.4896872367203018,0.5763702016531949,0.5103127632796982,0.42362979834680514,0.589533977269713
234.0,156.0,0.0,189.0,5.9,981.0,760.0,28,39.3,5111.65,241.50870000000003,0.460570574311698,0.2629490892286934,0.3014407897399604,0.7370509107713066,0.6985592102600395,0.5891878174136855
167.0,75.4,167.0,164.0,7.9,1007.3,770.1,14,32.9,4914.76,185.53990000000005,0.380839666126822,0.23369356063363944,0.17155091235380648,0.7663064393663606,0.8284490876461935,0.5891087148165495
251.4,0.0,118.3,192.9,5.8,1043.6,754.3,100,40.15,5085.765,252.53627000000003,0.47115983555500185,0.2591028839481665,0.32703307892906636,0.7408971160518335,0.6729669210709337,0.5890459270581927
166.0,259.7,0.0,183.2,12.7,858.8,826.8,28,37.92,5580.62,197.83976,0.4433785972343342,0.33263249237371106,0.20009587503420795,0.6673675076262889,0.7999041249657921,0.5885072067651873
160.2,188.0,146.4,203.2,11.3,828.7,709.7,28,35.31,5288.8,189.39186,0.41086333624018945,0.2892714869665869,0.18049036812374192,0.7107285130334131,0.819509631876258,0.5879912043475125
540.0,0.0,0.0,173.0,0.0,1125.0,613.0,180,71.62,6561.65,498.1169,0.8632116606453222,0.4784019637415099,0.8969655755899639,0.5215980362584901,0.10303442441003607,0.5877639454897926
165.0,128.5,132.1,175.1,8.1,1005.8,746.6,14,33.09,4986.515,185.80863,0.3832066774635606,0.24435550615823742,0.1721745688686857,0.7556444938417626,0.8278254311313142,0.5874708199750496
312.9,160.5,0.0,177.6,9.6,916.6,759.5,28,52.45,6161.45,319.18758,0.6243926747228106,0.41893697037597255,0.48171444575355676,0.5810630296240274,0.5182855542464433,0.5870334833290229
322.5,148.6,0.0,185.8,8.5,951.0,709.5,28,52.43,6067.04,325.16844000000003,0.6241435156347328,0.4049087594223484,0.4955945570309784,0.5950912405776516,0.5044054429690217,0.5869459287040347
475.0,118.8,0.0,181.1,8.9,852.1,781.5,56,72.3,7274.975,461.18823,0.8716830696399651,0.5843936338876168,0.8112631767832403,0.4156063661123832,0.18873682321675966,0.5869273321522682
305.3,203.5,0.0,203.5,0.0,965.4,631.0,28,43.38,5005.205,296.29125000000005,0.5113990282795565,0.2471326194166129,0.4285776714026163,0.7528673805833871,0.5714223285973836,0.5867719414349709
166.0,260.0,0.0,183.0,13.0,859.0,827.0,28,37.91,5617.95,198.4219,0.44325401769029527,0.3381792894809962,0.201446879401312,0.6618207105190038,0.798553120598688,0.5867204666245706
144.0,170.0,133.0,192.0,8.0,814.0,805.0,28,29.87,4751.4,167.6656,0.3430920642830448,0.2094201940264575,0.13006903967897088,0.7905798059735425,0.8699309603210291,0.5866737237151652
194.7,0.0,100.5,165.6,7.5,1006.4,905.9,56,33.96,4877.81,204.67388,0.3940450977949421,0.22820322703829565,0.21595619379827402,0.7717967729617043,0.784043806201726,0.5859826936883287
157.0,214.0,152.0,200.0,9.0,819.0,704.0,28,33.05,5057.3,183.584,0.382708359287405,0.2548733211391959,0.16701174747659658,0.7451266788608041,0.8329882525234034,0.5858829124897543
389.9,189.0,0.0,145.9,22.0,944.7,755.8,28,74.5,8417.885,413.4783699999999,0.8990905693285163,0.754216561342405,0.7005402764260669,0.245783438657595,0.29945972357393313,0.5858560752221402
277.1,0.0,97.4,160.6,11.8,973.9,875.6,28,48.28,6018.460000000001,286.42118,0.5724430048586023,0.3976903451852226,0.4056716562282197,0.6023096548147774,0.5943283437717803,0.5853810020759406
136.0,196.0,98.0,199.0,6.0,847.0,783.0,28,26.97,4469.35,157.2687,0.3069639965117728,0.16751089522898177,0.10594038110140436,0.8324891047710182,0.8940596188985956,0.5851191791732899
143.0,169.0,143.0,191.0,8.0,967.0,643.0,28,29.72,4781.45,167.3973,0.3412233711224617,0.213885269115499,0.12944638108877948,0.786114730884501,0.8705536189112205,0.5847787730101612
313.0,161.0,0.0,178.0,10.0,917.0,759.0,28,52.44,6211.799999999999,320.05640000000005,0.6242680951787717,0.42641838570819335,0.4837307641893753,0.5735816142918067,0.5162692358106247,0.5845967601149937
230.0,0.0,118.3,195.5,4.6,1029.4,758.6,100,35.34,4747.255,230.92895,0.41123707487230604,0.20880429598172956,0.2768877810944978,0.7911957040182704,0.7231122189055021,0.5841955181670961
143.7,170.2,132.6,191.6,8.5,814.1,805.3,28,29.87,4809.05,168.33737999999997,0.3430920642830448,0.21798630314070855,0.13162807653219027,0.7820136968592915,0.8683719234678098,0.5841424372232977
251.4,0.0,118.3,192.9,5.8,1043.6,754.3,56,39.27,5085.765,252.53627000000003,0.4601968356795815,0.2591028839481665,0.32703307892906636,0.7408971160518335,0.6729669210709337,0.5835644271204825
212.1,0.0,121.6,180.3,5.7,1057.6,779.3,56,34.2,4787.485,217.30059,0.397035006851875,0.21478199883804028,0.2452596952792871,0.7852180011619597,0.7547403047207129,0.5835070798966056
173.0,116.0,0.0,192.0,0.0,946.8,856.8,28,24.28,3821.06,173.64800000000002,0.2734520991653171,0.07118265797524814,0.1439527249192285,0.9288173420247519,0.8560472750807715,0.5829422038590394
250.0,0.0,95.7,187.4,5.5,956.9,861.2,56,38.33,4995.25,249.94132,0.44848635853992774,0.24565342399194046,0.3210108355126771,0.7543465760080595,0.6789891644873229,0.5825771143938094
143.0,169.4,142.7,190.7,8.4,967.4,643.5,28,29.73,4831.015,168.16761000000002,0.3413479506665006,0.22125004271910442,0.1312340819408494,0.7787499572808956,0.8687659180591506,0.5825529441682619
374.0,189.2,0.0,170.1,10.1,926.1,756.7,28,61.09,6835.124999999999,376.66973,0.7320294007723933,0.5190371188155736,0.6151164378525924,0.4809628811844264,0.3848835621474076,0.5824763112191551
251.8,0.0,99.9,146.1,12.4,1006.0,899.8,100,45.37,5942.405000000001,265.22013000000004,0.5361903575432914,0.38638947044655203,0.3564692115633759,0.613610529553448,0.6435307884366241,0.5823805082691638
264.5,111.0,86.5,195.5,5.9,832.6,790.4,28,41.54,5261.545,267.92095,0.4884763921764047,0.28522171586669254,0.3627371533209635,0.7147782841333075,0.6372628466790364,0.5822484787912883
198.6,132.4,0.0,192.0,0.0,978.4,825.5,28,28.02,4094.48,197.63710000000003,0.32004484863585403,0.11180964069889932,0.19962555080801275,0.8881903593011007,0.8003744491919873,0.582163626441199
159.0,209.0,161.0,201.0,7.0,848.0,669.0,28,30.88,4837.15,181.6643,0.3556745982309705,0.22216163126057753,0.16255659393358335,0.7778383687394225,0.8374434060664167,0.5816577428169449
214.9,53.8,121.9,155.6,9.6,1014.3,780.6,14,38.6,5389.390000000001,229.61098,0.45185000622897725,0.3042179729302038,0.27382909551076856,0.6957820270697962,0.7261709044892315,0.5814132360042455
265.0,111.0,86.0,195.0,6.0,833.0,790.0,28,41.54,5276.85,268.5465,0.4884763921764047,0.28749585810422273,0.36418890166645074,0.7125041418957773,0.6358110983335492,0.5813170061455339
236.0,157.0,0.0,192.0,0.0,972.6,749.1,28,32.88,4402.82,232.1479,0.3805905070387443,0.15762532299357646,0.2797166655093835,0.8423746770064235,0.7202833344906165,0.5809597563936322
167.4,129.9,128.6,175.5,7.8,1006.3,746.6,14,31.81,4968.735000000001,187.38705,0.3672604958265853,0.24171360815214238,0.17583769511516328,0.7582863918478576,0.8241623048848368,0.5792424220964663
156.0,178.0,187.0,221.0,7.0,854.0,614.0,28,29.41,4723.85,177.8333,0.3373614052572568,0.20532658941071413,0.1536657811902986,0.7946734105892859,0.8463342188097014,0.5789326099783751
233.8,0.0,94.6,197.9,4.6,947.0,852.2,100,34.56,4726.995,233.51857,0.4015198704372743,0.2057938992661228,0.28289765488626634,0.7942061007338772,0.7171023451137337,0.5785870466805398
181.9,272.8,0.0,185.7,0.0,1012.4,714.3,28,27.94,4303.015,189.62201,0.3190482122835431,0.14279547875857534,0.18102448990731457,0.8572045212414247,0.8189755100926854,0.5785691139752991
237.5,237.5,0.0,228.0,0.0,932.0,594.0,90,33.12,4455.05,236.5944,0.3835804160956771,0.1653860841217175,0.29003590300951815,0.8346139158782825,0.7099640969904819,0.5779347112650297
405.0,0.0,0.0,175.0,0.0,1120.0,695.0,28,52.3,5490.25,376.9875,0.6225239815622275,0.3192045777049365,0.6158539041970021,0.6807954222950635,0.38414609580299786,0.5774973703056291
277.2,97.8,24.5,160.7,11.2,1061.7,782.5,14,47.71,6107.174999999999,288.73741,0.5653419708483868,0.4108723464006737,0.4110470587863974,0.5891276535993263,0.5889529412136025,0.5771911341274256
146.0,173.0,0.0,182.0,3.0,986.0,817.0,28,23.74,4129.3,158.0636,0.26672480378721813,0.11698348145099335,0.10778514932109562,0.8830165185490066,0.8922148506789044,0.5771702442005868
159.0,187.0,0.0,176.0,11.0,990.0,789.0,28,32.76,5218.3,185.4218,0.3790955525102778,0.27879601961958445,0.1712768311778779,0.7212039803804156,0.8287231688221222,0.5770295635557734
387.0,20.0,94.0,157.0,11.6,938.0,845.0,56,61.46,6907.950000000001,385.4621000000001,0.7366388439018314,0.5298580537027433,0.635521375268326,0.4701419462972567,0.36447862473167403,0.5769745647081483
212.6,0.0,100.4,159.4,10.4,1003.8,903.8,28,37.4,5372.2300000000005,226.20002,0.43690046094431295,0.3016681996014865,0.2659130927347741,0.6983318003985135,0.7340869072652259,0.5765549073880913
277.0,116.8,91.0,190.6,7.0,946.5,665.6,28,43.58,5537.830000000001,281.94778,0.5138906191603339,0.3262744037527433,0.3952899904162099,0.6737255962472567,0.6047100095837901,0.5765542110379286
277.0,117.0,91.0,191.0,7.0,946.0,666.0,28,43.57,5538.25,281.9563,0.5137660396162951,0.3263368107922573,0.3953097632495622,0.6736631892077427,0.6046902367504379,0.5764713762976927
297.2,0.0,117.5,174.8,9.5,1022.8,753.5,28,47.4,5890.799999999999,300.51484,0.5614800049831818,0.37872157693673536,0.43837958938601734,0.6212784230632646,0.5616204106139826,0.5764647109109027
540.0,0.0,0.0,173.0,0.0,1125.0,613.0,90,69.66,6561.65,498.1169,0.8387940700137038,0.4784019637415099,0.8969655755899639,0.5215980362584901,0.10303442441003607,0.5755551501739834
159.1,186.7,0.0,175.6,11.3,989.6,788.9,28,32.77,5253.65,186.05638,0.37922013205431676,0.2840486121120175,0.17274953594181253,0.7159513878879825,0.8272504640581875,0.5754105290137008
136.0,162.0,126.0,172.0,10.0,923.0,764.0,28,29.07,4974.2,164.28160000000003,0.33312570075993525,0.24252564260677167,0.12221560446015717,0.7574743573932283,0.8777843955398428,0.5753775386132354
145.7,172.6,0.0,181.9,3.4,985.8,816.8,28,23.74,4173.105,158.52217000000002,0.26672480378721813,0.12349238708412014,0.10884937798193822,0.8765076129158799,0.8911506220180618,0.5752769606270944
333.0,0.0,0.0,192.0,0.0,931.2,842.6,90,41.68,4800.14,311.4202,0.49022050579294885,0.21666238237387458,0.463688259095782,0.7833376176261254,0.536311740904218,0.5750225925290603
251.8,0.0,99.9,146.1,12.4,1006.0,899.8,56,44.14,5942.405000000001,265.22013000000004,0.5208670736265106,0.38638947044655203,0.3564692115633759,0.613610529553448,0.6435307884366241,0.5747188663107734
160.0,188.0,146.0,203.0,11.0,829.0,710.0,28,32.84,5250.95,188.64090000000004,0.38009218886258883,0.28364742400085574,0.1787475738826308,0.7163525759991443,0.8212524261173693,0.5744473449604228
336.0,0.0,0.0,182.0,3.0,986.0,817.0,28,44.86,5225.3,320.0676,0.5298368007973091,0.2798361369448188,0.48375675664636425,0.7201638630551812,0.5162432433536357,0.5740201770008588
149.5,236.0,0.0,175.8,12.6,846.8,892.7,28,32.96,5408.4,181.80064,0.38158714339105526,0.30704263440916124,0.16287300568232238,0.6929573655908388,0.8371269943176776,0.5733146616726568
183.9,122.6,0.0,203.5,0.0,959.2,800.0,28,24.05,3892.165,183.61985,0.2705867696524231,0.0817480211767887,0.16709494654651225,0.9182519788232113,0.8329050534534878,0.5730826428953864
136.4,161.6,125.8,171.6,10.4,922.6,764.4,28,29.07,5023.9,165.36608,0.33312570075993525,0.24991047561593505,0.12473241693831882,0.750089524384065,0.8752675830616812,0.5729021272414041
424.0,22.0,132.0,178.0,8.5,822.0,750.0,28,62.05,6699.299999999999,412.6674000000001,0.7439890370001246,0.4988551280012954,0.6986582136721069,0.5011448719987046,0.3013417863278931,0.5726161830817118
288.0,192.0,0.0,192.0,0.0,932.0,717.8,28,38.8,4869.8,280.2866,0.4543415971097546,0.22701303564184894,0.39143479847862445,0.7729869643581511,0.6085652015213756,0.572558840024759
331.0,0.0,0.0,192.0,0.0,978.0,825.0,360,41.24,4821.7,309.9066,0.48473900585523866,0.2198659437355961,0.46017556419412814,0.7801340562644039,0.5398244358058719,0.5723591259451883
190.3,0.0,125.2,166.6,9.9,1079.0,798.9,100,33.56,5157.98,205.93888,0.3890619160333874,0.26983318003985124,0.21889194898497605,0.7301668199601488,0.7811080510150239,0.5723496757604869
310.0,0.0,0.0,192.0,0.0,1012.0,830.0,120,38.7,4689.0,291.3036,0.45309580166936597,0.20014829101294052,0.41700255728644703,0.7998517089870595,0.5829974427135529,0.5722601887598361
525.0,0.0,0.0,189.0,0.0,1125.0,613.0,270,67.11,6434.95,484.6217,0.8070262862837922,0.45957584015476927,0.8656465215223115,0.5404241598452307,0.13435347847768853,0.5722075527226259
500.0,0.0,0.0,140.0,4.0,966.0,853.0,28,67.57,6749.2,469.555,0.8127569453095801,0.5062696786483227,0.8306804008333926,0.49373032135167727,0.16931959916660744,0.5721409527843613
393.0,0.0,0.0,192.0,0.0,940.0,758.0,90,48.79,5236.1,365.0676,0.5787965616045846,0.281440889389466,0.5881907356199518,0.718559110610534,0.41180926438004817,0.5719903745499378
149.0,236.0,0.0,176.0,13.0,847.0,893.0,28,32.96,5452.7,182.1058,0.38158714339105526,0.313625091196001,0.1635812073050686,0.686374908803999,0.8364187926949314,0.5714919970702602
336.5,0.0,0.0,181.9,3.4,985.8,816.8,28,44.87,5277.105,321.26697,0.529961380341348,0.287533748092499,0.4865402006766209,0.712466251907501,0.5134597993233792,0.571462202978394
144.0,136.0,106.0,178.0,7.0,941.0,774.0,28,26.14,4596.1,164.1454,0.2966238943565467,0.18634444822518836,0.12189951761713036,0.8136555517748116,0.8781004823828696,0.5712509557176937
393.0,0.0,0.0,192.0,0.0,940.6,785.6,90,48.85,5264.42,365.2104,0.5795440388688178,0.2856489069109852,0.5885221394465612,0.7143510930890148,0.4114778605534388,0.5712292578450223
298.0,0.0,107.0,186.0,6.0,879.0,815.0,28,42.64,5346.1,293.5317999999999,0.5021801420206803,0.2977855902145762,0.4221736637742011,0.7022144097854238,0.5778263362257989,0.5711002575131459
276.4,116.0,90.3,179.6,8.9,870.1,768.3,28,44.28,5767.4,284.81828,0.5226111872430548,0.36038579437474816,0.4019517178971806,0.6396142056252518,0.5980482821028195,0.5707212155535453
166.1,0.0,163.3,176.5,4.5,1058.6,780.1,14,25.48,4337.695,174.78135,0.28840164444998134,0.14794851716416457,0.14658295269855548,0.8520514828358354,0.8534170473014445,0.5705679547593107
276.0,116.0,90.0,180.0,9.0,870.0,768.0,28,44.28,5775.0,284.636,0.5226111872430548,0.36151506461357397,0.40152869065968494,0.638484935386426,0.5984713093403151,0.5705446548032127
298.1,0.0,107.0,186.4,6.1,879.0,815.2,28,42.64,5359.17,293.81092000000007,0.5021801420206803,0.2997276378489778,0.42282143293444835,0.7002723621510222,0.5771785670655516,0.5704528033144836
182.0,45.2,122.0,170.2,8.2,1059.4,780.7,28,31.27,4971.089999999999,197.29016000000004,0.3605332004484864,0.2420635333379889,0.19882038803767726,0.7579364666620111,0.8011796119623227,0.5700456198803266
277.0,0.0,0.0,191.0,0.0,968.0,856.0,360,33.7,4381.65,261.3813,0.39080602964993155,0.15447971102568925,0.34756022730774966,0.8455202889743108,0.6524397726922504,0.5698930302416061
251.4,0.0,118.3,188.5,5.8,1028.4,757.7,56,36.97,5070.705,252.43035,0.4315435405506416,0.25686514581701947,0.32678726455011337,0.7431348541829805,0.6732127354498867,0.5698586676835375
310.0,0.0,0.0,192.0,0.0,970.0,850.0,360,38.11,4658.6,291.0676,0.44574560857107265,0.1956312100576374,0.4164548590856078,0.8043687899423626,0.5835451409143921,0.569851286999725
153.0,239.0,0.0,200.0,6.0,1002.0,684.0,28,26.86,4633.9,172.904,0.30559362152734526,0.19196108178145344,0.1422260831335318,0.8080389182185466,0.8577739168664682,0.5692500195349264
290.4,0.0,96.2,168.1,9.4,961.2,865.0,56,45.08,5815.645,293.69443,0.5325775507661642,0.36755443156845236,0.4225510881742119,0.6324455684315476,0.5774489118257882,0.568762395447416
143.8,136.3,106.2,178.1,7.5,941.5,774.3,28,26.15,4656.6050000000005,164.93193000000002,0.29674847390058556,0.19533477661994558,0.12372486111673253,0.8046652233800544,0.8762751388832675,0.5686093275161233
505.0,0.0,60.0,195.0,0.0,1030.0,630.0,28,64.02,6288.25,467.5685,0.7685312071757817,0.4377779527816451,0.8260702208504807,0.5622220472183549,0.17392977914951935,0.5683035601798594
152.6,238.7,0.0,200.0,6.3,1001.8,683.9,28,26.86,4665.259999999999,173.09029999999998,0.30559362152734526,0.19662080739850296,0.1426584398064824,0.803379192601497,0.8573415601935176,0.5679769989624263
246.8,0.0,125.1,143.3,12.0,1086.8,800.9,14,42.22,5900.224999999999,260.79959,0.49694780117104775,0.3801220206210687,0.34621022086533354,0.6198779793789313,0.6537897791346665,0.5668908402139233
318.8,212.5,0.0,155.7,14.3,852.1,880.4,28,55.5,6974.004999999999,336.11951000000005,0.6623894356546656,0.5396730465482218,0.5210093084558292,0.4603269534517782,0.47899069154417084,0.56602412907632
310.0,0.0,0.0,192.0,0.0,970.0,850.0,180,37.33,4658.6,291.0676,0.4360284041360409,0.1956312100576374,0.4164548590856078,0.8043687899423626,0.5835451409143921,0.5649926847822091
155.0,184.0,143.0,194.0,9.0,880.0,699.0,28,28.99,5000.2,180.4422,0.3321290644076243,0.24638893552907037,0.15972039914016956,0.7536110644709296,0.8402796008598304,0.5645371985365022
254.0,0.0,0.0,198.0,0.0,968.0,863.0,365,29.79,4193.5,240.7184,0.3420954279307338,0.12652284320528495,0.2996066969936753,0.873477156794715,0.7003933030063247,0.5645153289156268
251.4,0.0,118.3,188.5,6.4,1028.4,757.7,56,36.64,5142.705,253.55835,0.42743241559735895,0.26756349544800073,0.3294050762897179,0.7324365045519993,0.6705949237102822,0.5644740648642499
168.9,42.2,124.3,158.3,10.8,1080.8,796.2,28,31.12,5207.924999999999,190.53939000000003,0.3586645072879034,0.2772544171553978,0.18315350421022114,0.7227455828446022,0.8168464957897789,0.5642302733025469
218.9,0.0,124.1,158.5,11.3,1078.7,794.9,56,37.27,5562.115,234.25635000000003,0.43528092687180775,0.3298828679303596,0.2846098615753138,0.6701171320696404,0.7153901384246861,0.5640172810594855
155.2,183.9,143.2,193.8,9.2,879.6,698.5,28,28.99,5025.01,180.99264,0.3321290644076243,0.25007540850607946,0.1609978355709744,0.7499245914939205,0.8390021644290255,0.5632962211845487
500.0,0.0,0.0,151.0,9.0,1033.0,655.0,28,69.84,7232.15,478.5043,0.8410365018064035,0.5780303446800226,0.8514495343451332,0.42196965531997743,0.14855046565486685,0.5631482811469128
249.1,0.0,98.8,158.1,12.8,987.8,889.0,56,42.03,5933.215,263.31643,0.4945807898343093,0.38502394498670867,0.3520511901017754,0.6149760550132913,0.6479488098982247,0.5630216111450337
475.0,118.8,0.0,181.1,8.9,852.1,781.5,28,68.3,7274.975,461.18823,0.8218512520244177,0.5843936338876168,0.8112631767832403,0.4156063661123832,0.18873682321675966,0.5620114233444945
307.0,0.0,0.0,193.0,0.0,968.0,812.0,365,36.15,4592.75,288.1619,0.42132801793945435,0.18584667779096908,0.40971144102552876,0.8141533222090309,0.5902885589744713,0.5617744792656028
153.0,102.0,0.0,192.0,0.0,888.0,943.1,28,17.96,3624.8,154.88110000000003,0.19471782733275197,0.0420207399394652,0.10039934625257468,0.9579792600605348,0.8996006537474253,0.561753892118366
135.7,203.5,0.0,185.7,0.0,1076.2,759.3,28,18.2,3823.975,145.17381,0.1977077363896848,0.07161579254711359,0.07787110359145205,0.9283842074528864,0.9221288964085479,0.5614821441602009
277.0,0.0,0.0,191.0,0.0,968.0,856.0,180,32.33,4381.65,261.3813,0.37373863211660646,0.15447971102568925,0.34756022730774966,0.8455202889743108,0.6524397726922504,0.5613593314749435
288.0,121.0,0.0,177.0,7.0,908.0,829.0,28,42.13,5578.45,290.11409999999995,0.4958265852746979,0.33231005600288843,0.41424201910891173,0.6676899439971116,0.5857579808910882,0.5612752738593989
152.0,178.0,139.0,168.0,18.0,944.0,695.0,28,36.35,6100.2,194.7264,0.4238196088202318,0.4098359437801725,0.19287052897249224,0.5901640562198275,0.8071294710275078,0.5612331862219497
332.5,142.5,0.0,228.0,0.0,932.0,594.0,365,41.05,4977.55,317.15440000000007,0.4823719945185001,0.24302341304099095,0.4769959329231231,0.756976586959009,0.523004067076877,0.5611811607682216
162.0,214.0,164.0,202.0,10.0,820.0,680.0,28,30.65,5221.1,190.1766,0.3528092687180765,0.27921206654967823,0.182311557471736,0.7207879334503218,0.817688442528264,0.5610237283536847
288.4,121.0,0.0,177.4,7.0,907.9,829.5,28,42.14,5582.25,290.47592,0.4959511648187368,0.3328746911223014,0.4150817147149612,0.6671253088776986,0.5849182852850388,0.5609864809500528
540.0,0.0,0.0,173.0,0.0,1125.0,613.0,28,67.31,6561.65,498.1169,0.8095178771645697,0.4784019637415099,0.8969655755899639,0.5215980362584901,0.10303442441003607,0.5609170537494164
190.3,0.0,125.2,166.6,9.9,1079.0,798.9,56,31.72,5157.98,205.93888,0.3661392799302355,0.26983318003985124,0.21889194898497605,0.7301668199601488,0.7811080510150239,0.5608883577089109
230.0,0.0,118.3,195.5,4.6,1029.4,758.6,56,31.54,4747.255,230.92895,0.36389684813753587,0.20880429598172956,0.2768877810944978,0.7911957040182704,0.7231122189055021,0.560525404799711
349.0,0.0,0.0,192.0,0.0,1047.0,806.0,360,42.13,5038.5,326.56359999999995,0.4958265852746979,0.2520798631799952,0.4988323816999735,0.7479201368200048,0.5011676183000264,0.5601852314173568
355.0,19.0,97.0,145.0,12.3,967.0,871.0,28,55.45,6783.15,358.3655,0.6617665379344713,0.5113142476757091,0.5726368029426432,0.4886857523242909,0.4273631970573568,0.5598955063126476
151.8,178.1,138.7,167.5,18.3,944.0,694.6,28,36.35,6133.775000000001,195.10535,0.4238196088202318,0.4148247922365642,0.19374997911320418,0.5851752077634358,0.8062500208867958,0.5597661115726738
237.5,237.5,0.0,228.0,0.0,932.0,594.0,28,30.08,4455.05,236.5944,0.345708234707861,0.1653860841217175,0.29003590300951815,0.8346139158782825,0.7099640969904819,0.5589986205711216
149.0,139.0,109.0,193.0,6.0,892.0,780.0,28,23.69,4481.55,166.6449,0.26610190606702383,0.16932367113867586,0.1277002449603411,0.8306763288613241,0.872299755039659,0.5587949740087577
439.0,177.0,0.0,186.0,11.1,884.9,707.9,28,66.0,7373.58,435.8465,0.7931979568954778,0.5990451722954346,0.7524512279393663,0.40095482770456536,0.24754877206063375,0.5587248783890386
148.5,139.4,108.6,192.7,6.1,892.4,780.0,28,23.7,4490.165,166.39600999999996,0.2662264856110627,0.17060375838966058,0.1271226322264135,0.8293962416103394,0.8728773677735865,0.5586816451515129
231.8,0.0,121.6,174.0,6.7,1056.4,778.5,28,33.73,5072.38,236.8951,0.3911797682820481,0.2571140310341291,0.2907337540645705,0.7428859689658709,0.7092662459354295,0.5586279378663492
331.0,0.0,0.0,192.0,0.0,1025.0,821.0,120,39.38,4874.1,310.2626,0.461567210664009,0.22765196485592143,0.4610017530055636,0.7723480351440786,0.5389982469944363,0.5586201758666333
135.0,105.0,193.0,196.0,6.0,965.0,643.0,28,21.91,4379.3,154.4448,0.24392674722810517,0.15413052878078926,0.09938680080754847,0.8458694712192107,0.9006131991924515,0.5585840412169681
153.0,145.0,113.0,178.0,8.0,867.0,824.0,28,26.23,4794.8,174.4404,0.2977451102528965,0.21586892144291014,0.14579169125119895,0.7841310785570899,0.854208308748801,0.5584574019529209
331.0,0.0,0.0,192.0,0.0,978.0,825.0,180,39.0,4821.7,309.9066,0.456833187990532,0.2198659437355961,0.46017556419412814,0.7801340562644039,0.5398244358058719,0.558406217012835
153.1,145.0,113.0,178.5,8.0,867.2,824.0,28,26.23,4795.915,174.53214999999997,0.2977451102528965,0.21603459727400098,0.14600462053055052,0.783965402725999,0.8539953794694495,0.5583627506753104
158.8,238.2,0.0,185.7,0.0,1040.6,734.3,28,21.07,4056.705,167.35841000000005,0.23346206552884016,0.10619672184736717,0.1293561269233955,0.8938032781526328,0.8706438730766045,0.5578428205717294
287.3,120.5,93.9,187.6,9.2,904.4,695.9,28,43.8,5885.91,295.43828,0.5166313691291889,0.3779949806909647,0.42659813693494736,0.6220050193090353,0.5734018630650526,0.5571674051581164
332.5,142.5,0.0,228.0,0.0,932.0,594.0,270,40.27,4977.55,317.15440000000007,0.47265479008346833,0.24302341304099095,0.4769959329231231,0.756976586959009,0.523004067076877,0.5563225585507057
255.5,170.3,0.0,185.7,0.0,1026.6,724.3,28,32.05,4648.155,250.69561,0.3702504048835181,0.19407920642019838,0.3227613578682324,0.8059207935798016,0.6772386421317675,0.5559150613696513
284.0,120.0,0.0,168.0,7.0,970.0,794.0,28,40.93,5580.4,286.78040000000004,0.48087703999003373,0.3325998029720608,0.40650531787103966,0.6674001970279392,0.5934946821289604,0.5556622397842417
222.4,0.0,96.7,189.3,4.5,967.1,870.3,56,29.45,4664.085,223.37599,0.33785972343341225,0.19644621627605297,0.25935921074275675,0.803553783723947,0.7406407892572433,0.5549785049620037
181.4,0.0,167.0,169.6,7.6,1055.6,777.8,28,27.77,4840.9,194.44168,0.3169303600348823,0.22271883697052441,0.19220976358375086,0.7772811630294756,0.8077902364162491,0.5547330298788723
277.0,0.0,0.0,191.0,0.0,968.0,856.0,90,31.25,4381.65,261.3813,0.36028404136040865,0.15447971102568925,0.34756022730774966,0.8455202889743108,0.6524397726922504,0.5546320360968446
284.0,119.7,0.0,168.3,7.2,970.4,794.2,28,40.93,5604.195,287.14509,0.48087703999003373,0.33613545893691077,0.4073516740441924,0.6638645410630892,0.5926483259558075,0.5545667367497411
164.0,163.0,128.0,197.0,8.0,961.0,641.0,28,27.23,4903.05,185.5241,0.3102030646567834,0.2319535929367118,0.17151424442341118,0.7680464070632882,0.8284857555765888,0.5542345729883609
252.3,0.0,98.8,146.3,14.2,987.8,889.0,14,42.29,6127.825,268.82489,0.4978198579793198,0.413940692510115,0.3648349766754831,0.586059307489885,0.635165023324517,0.5542160116932604
310.0,0.0,0.0,192.0,0.0,1012.0,830.0,90,35.76,4689.0,291.3036,0.41646941572193846,0.20014829101294052,0.41700255728644703,0.7998517089870595,0.5829974427135529,0.5539469957861223
149.0,118.0,92.0,183.0,7.0,953.0,780.0,28,23.52,4577.25,167.4589,0.26398405381836304,0.18354356085652168,0.12958933960221886,0.8164564391434783,0.8704106603977811,0.5537088017944963
349.0,0.0,0.0,192.0,0.0,1047.0,806.0,180,41.05,5038.5,326.56359999999995,0.4823719945185001,0.2520798631799952,0.4988323816999735,0.7479201368200048,0.5011676183000264,0.5534579360392579
314.0,145.0,113.0,179.0,8.0,869.0,690.0,28,46.23,6031.75,318.68670000000003,0.5469041983306341,0.3996650822212744,0.48055202594492813,0.6003349177787256,0.5194479740550719,0.5533978221237664
314.0,145.3,113.2,178.9,8.0,869.1,690.2,28,46.23,6033.365000000001,318.7094700000001,0.5469041983306341,0.399905052147025,0.4806048695382889,0.600094947852975,0.519395130461711,0.5533246187439885
332.5,142.5,0.0,228.0,0.0,932.0,594.0,180,39.78,4977.55,317.15440000000007,0.4665503924255638,0.24302341304099095,0.4769959329231231,0.756976586959009,0.523004067076877,0.5532703597217534
339.0,0.0,0.0,197.0,0.0,968.0,781.0,365,38.89,4833.95,316.8081,0.45546281300610447,0.22168614905475614,0.476192255436044,0.7783138509452439,0.523807744563956,0.5532618053803522
149.0,117.6,91.7,182.9,7.1,953.4,780.3,28,23.52,4588.225,167.62266999999994,0.26398405381836304,0.1851743162342998,0.12996940966302994,0.8148256837657002,0.8700305903369701,0.553206095434849
153.0,145.0,113.0,178.0,8.0,1002.0,689.0,28,25.56,4821.8,174.84539999999998,0.2893982808022923,0.21988080255452813,0.14673159706196115,0.7801191974454719,0.8532684029380389,0.5530460404970239
153.1,145.0,113.0,178.5,8.0,1001.9,688.7,28,25.56,4822.254999999999,174.93324999999996,0.2893982808022923,0.21994841018066824,0.1469354753964684,0.7800515898193318,0.8530645246035315,0.552978169006862
212.0,0.0,124.8,159.0,7.8,1085.4,799.5,14,31.35,5097.53,221.562,0.36152983680079737,0.2608510239955065,0.25514938422012795,0.7391489760044935,0.744850615779872,0.5517648163464901
349.0,0.0,0.0,192.0,0.0,1056.0,809.0,120,40.86,5052.3,326.6506,0.48000498318176155,0.2541303801925999,0.49903428739265593,0.7458696198074001,0.5009657126073441,0.5517113246945669
173.8,93.4,159.9,172.3,9.7,1007.2,746.6,14,29.55,5205.155000000001,195.67239,0.33910551887380097,0.2768428278709839,0.19506594007847494,0.7231571721290161,0.8049340599215251,0.5515755674495357
307.0,0.0,0.0,193.0,0.0,968.0,812.0,180,34.49,4592.75,288.1619,0.4006478136290022,0.18584667779096908,0.40971144102552876,0.8141533222090309,0.5902885589744713,0.5514343771103767
229.7,0.0,118.2,195.2,6.1,1028.1,757.6,56,31.35,4921.93,233.46076,0.36152983680079737,0.23475893795105796,0.28276349203461154,0.765241062048942,0.7172365079653884,0.5513843109039813
254.0,0.0,0.0,198.0,0.0,968.0,863.0,180,27.63,4193.5,240.7184,0.31518624641833815,0.12652284320528495,0.2996066969936753,0.873477156794715,0.7003933030063247,0.551060738159429
289.0,0.0,0.0,192.0,0.0,913.2,895.3,90,32.07,4457.24,271.9397,0.3704995639715959,0.16571149225632642,0.37206368783207694,0.8342885077436736,0.6279363121679231,0.5508059869636971
362.6,189.0,0.0,164.9,11.6,944.7,755.8,7,55.9,6938.785000000001,369.36207,0.6673726174162203,0.5344397705204005,0.5981571487240118,0.4655602294795995,0.4018428512759882,0.5505370788970071
349.0,0.0,0.0,192.0,0.0,1056.0,809.0,90,40.66,5052.3,326.6506,0.4775133923009842,0.2541303801925999,0.49903428739265593,0.7458696198074001,0.5009657126073441,0.5504655292541781
154.0,174.0,185.0,228.0,7.0,845.0,612.0,28,24.34,4678.4,175.6914,0.2741995764295503,0.19857325620615707,0.1486949558666646,0.8014267437938429,0.8513050441333354,0.5502827351965698
212.5,0.0,100.4,159.3,8.7,1007.8,903.6,28,31.64,5171.975,222.94499,0.36514264357792453,0.2719126717493733,0.25835896529969865,0.7280873282506267,0.7416410347003013,0.5500034125266943
213.7,0.0,174.7,154.8,10.2,1053.5,776.4,14,33.73,5438.19,228.57934,0.3911797682820481,0.3114690765689797,0.27143491173147266,0.6885309234310203,0.7285650882685273,0.5498638870659109
331.0,0.0,0.0,192.0,0.0,1025.0,821.0,90,37.91,4874.1,310.2626,0.44325401769029527,0.22765196485592143,0.4610017530055636,0.7723480351440786,0.5389982469944363,0.5494635793797764
236.0,0.0,0.0,193.0,0.0,968.0,885.0,365,25.08,4062.25,224.6269,0.2834184626884266,0.10702064335714212,0.2622622664902646,0.8929793566428579,0.7377377335097355,0.5493885038823616
168.0,42.1,163.8,121.8,5.7,1058.7,780.1,28,24.24,4622.53,180.93444,0.27295378098916157,0.19027163406889425,0.16086276762483526,0.8097283659311058,0.8391372323751647,0.5486932900711483
310.0,0.0,0.0,192.0,0.0,970.0,850.0,90,34.68,4658.6,291.0676,0.40301482496574065,0.1956312100576374,0.4164548590856078,0.8043687899423626,0.5835451409143921,0.548485895197059
149.0,153.0,194.0,192.0,8.0,935.0,623.0,28,24.58,4828.1,172.98659999999998,0.27718948548648314,0.22081690814723898,0.1424177775038255,0.779183091852761,0.8575822224961744,0.5477860713304754
313.0,145.0,0.0,178.0,8.0,867.0,824.0,28,44.39,5928.8,315.3894,0.5239815622274823,0.3843679281308645,0.47289980019227,0.6156320718691355,0.52710019980773,0.5476738490329576
202.0,11.0,141.0,206.0,1.7,942.0,801.0,56,23.25,4177.7,200.9778,0.2606204061293136,0.12417514981404176,0.207378497331503,0.8758248501859582,0.7926215026684971,0.5474217912782706
331.0,0.0,0.0,192.0,0.0,978.0,825.0,90,37.23,4821.7,309.9066,0.43478260869565216,0.2198659437355961,0.46017556419412814,0.7801340562644039,0.5398244358058719,0.5473809273653951
388.6,97.1,0.0,157.9,12.1,852.1,925.7,91,57.6,7002.515,389.02987,0.688551139902828,0.5439092958257119,0.643801295649717,0.4560907041742881,0.356198704350283,0.5473479220825568
376.0,0.0,0.0,214.6,0.0,1003.5,762.4,100,43.06,5173.33,350.3043800000001,0.5074124828703128,0.27211400874590075,0.5539289176852309,0.7278859912540993,0.4460710823147691,0.5471955098273735
287.0,121.0,94.0,188.0,9.0,904.0,696.0,28,41.94,5860.7,294.81840000000005,0.49345957393795936,0.374249072438228,0.4251595472708108,0.625750927561772,0.5748404527291893,0.54687763204172
220.8,147.2,0.0,185.7,0.0,1055.0,744.3,28,25.75,4337.985,218.59161000000003,0.2917652921390308,0.14799160773906717,0.24825583651338673,0.8520083922609328,0.7517441634866133,0.546820785006402
254.0,0.0,0.0,198.0,0.0,968.0,863.0,90,26.94,4193.5,240.7184,0.3065902578796562,0.12652284320528495,0.2996066969936753,0.873477156794715,0.7003933030063247,0.546762743890088
251.4,0.0,118.3,192.9,5.8,1043.6,754.3,28,33.27,5085.765,252.53627000000003,0.3854491092562602,0.2591028839481665,0.32703307892906636,0.7408971160518335,0.6729669210709337,0.5461905639088218
166.1,0.0,163.3,176.5,4.5,1058.6,780.1,28,21.54,4337.695,174.78135,0.239317304098667,0.14794851716416457,0.14658295269855548,0.8520514828358354,0.8534170473014445,0.5460257845836535
213.7,98.1,24.5,181.7,6.9,1065.8,785.4,14,30.39,5061.195,223.57261,0.3495702005730659,0.25545207213659404,0.2598155176082187,0.744547927863406,0.7401844823917814,0.5459682028503298
218.2,54.6,123.8,140.8,11.9,1075.7,792.7,14,35.96,5784.679999999999,237.54514000000003,0.4189610066027159,0.36295339828618367,0.2922423377021704,0.6370466017138163,0.7077576622978297,0.5456815693042694
277.1,0.0,97.4,160.6,11.8,973.9,875.6,14,41.89,6018.460000000001,286.42118,0.49283667621776506,0.3976903451852226,0.4056716562282197,0.6023096548147774,0.5943283437717803,0.5455778377555219
337.9,189.0,0.0,174.9,9.5,944.7,755.8,28,49.9,6477.335,343.18707,0.592624890992899,0.4658737505590629,0.5374113842877084,0.5341262494409371,0.4625886157122916,0.5454911617847567
316.1,210.7,0.0,185.7,0.0,977.0,689.3,28,38.7,5189.935,306.76460999999995,0.45309580166936597,0.2745813156295458,0.4528837749142341,0.7254186843704542,0.547116225085766,0.544681628198738
380.0,95.0,0.0,228.0,0.0,932.0,594.0,365,43.7,5238.8,357.43440000000004,0.5153855736888003,0.28184207750062773,0.5704759478799255,0.7181579224993723,0.4295240521200745,0.5446132804992618
349.0,0.0,0.0,192.0,0.0,1047.0,806.0,90,39.49,5038.5,326.56359999999995,0.4629375856484366,0.2520798631799952,0.4988323816999735,0.7479201368200048,0.5011676183000264,0.5437407316042261
310.0,142.8,0.0,167.9,10.0,914.3,804.0,28,45.3,6172.955,316.61036999999993,0.5353183007350193,0.4206464774940898,0.4757333725324339,0.5793535225059102,0.524266627467566,0.5435641878608788
310.0,143.0,0.0,168.0,10.0,914.0,804.0,28,45.3,6173.2,316.6184,0.5353183007350193,0.42068288160047296,0.47575200819579316,0.579317118399527,0.5242479918042069,0.5435504279184431
236.0,0.0,0.0,193.0,0.0,968.0,885.0,180,24.1,4062.25,224.6269,0.2712096673726175,0.10702064335714212,0.2622622664902646,0.8929793566428579,0.7377377335097355,0.5432841062244571
491.0,26.0,123.0,201.0,3.9,822.0,699.0,56,61.86,6660.95,464.0363,0.7416220256633861,0.4931567709409048,0.8178728497275805,0.5068432290590952,0.18212715027241955,0.5430536076645718
323.7,282.8,0.0,183.8,10.3,942.7,659.9,7,49.8,6636.179999999999,336.29584,0.5913790955525103,0.4894762414914686,0.5214185272005494,0.5105237585085314,0.4785814727994506,0.5429658556032506
266.0,112.0,87.0,178.0,10.0,910.0,745.0,28,39.42,5816.9,277.4314,0.4620655288401645,0.3677409097460478,0.3848085785505047,0.6322590902539522,0.6151914214494953,0.5428953923459441
165.0,0.0,143.6,163.8,0.0,1005.6,900.9,14,16.88,3805.51,164.97564,0.1812632365765541,0.06887211163133489,0.12382630132164218,0.9311278883686651,0.8761736986783578,0.5424570150500327
312.7,144.7,0.0,127.3,8.0,999.7,822.2,28,44.52,6080.254999999999,316.14119,0.5256010962999876,0.4068723523442014,0.4746445206601045,0.5931276476557986,0.5253554793398956,0.5424213298989173
317.9,0.0,126.5,209.7,5.7,860.5,736.6,28,40.06,5418.835,310.87141,0.4700386196586521,0.30859315216470695,0.4624146519108728,0.691406847835293,0.5375853480891273,0.5422673588104312
313.0,145.0,0.0,127.0,8.0,1000.0,822.0,28,44.52,6083.85,316.42810000000003,0.5256010962999876,0.40740652688480394,0.47531036850248926,0.5925934731151961,0.5246896314975107,0.5421213243031705
203.5,135.7,0.0,185.7,0.0,1076.2,759.3,28,22.63,4196.875,202.66821,0.2528964743989037,0.12702432834423716,0.21130152494031945,0.8729756716557628,0.7886984750596806,0.5418667738783127
213.5,0.0,174.2,154.6,11.7,1052.3,775.5,14,33.7,5613.14,231.19168,0.39080602964993155,0.33746458029037096,0.27749751307884735,0.662535419709629,0.7225024869211527,0.5416624914826612
307.0,0.0,0.0,193.0,0.0,968.0,812.0,90,32.92,4592.75,288.1619,0.3810888252148998,0.18584667779096908,0.40971144102552876,0.8141533222090309,0.5902885589744713,0.5416548829033254
255.0,99.0,77.0,189.0,6.0,919.0,749.0,28,33.8,5199.75,259.1607,0.39205182509032016,0.27603970870771355,0.34240675855866637,0.7239602912922865,0.6575932414413337,0.541414295728565
318.0,0.0,126.0,210.0,6.0,861.0,737.0,28,40.06,5455.7,311.5179999999999,0.4700386196586521,0.31407085576395866,0.4639152289434177,0.6859291442360413,0.5360847710565824,0.5405227886524819
266.2,112.3,87.5,177.9,10.4,909.7,744.5,28,39.42,5867.635,278.38757000000004,0.4620655288401645,0.3752795315311567,0.38702761494328647,0.6247204684688433,0.6129723850567135,0.5404559778014715
332.5,142.5,0.0,228.0,0.0,932.0,594.0,90,37.72,4977.55,317.15440000000007,0.44088700635355677,0.24302341304099095,0.4769959329231231,0.756976586959009,0.523004067076877,0.5404386666857499
133.0,200.0,0.0,192.0,0.0,927.4,839.2,7,13.66,3692.18,141.7728,0.14114862339603837,0.05203261213579169,0.06997819232858621,0.9479673878642083,0.9300218076714137,0.5400716105819248
190.3,0.0,125.2,161.9,9.9,1088.1,802.6,28,28.47,5172.365,206.02877000000004,0.3256509281176031,0.2719706211432077,0.21910056165986358,0.7280293788567923,0.7808994383401364,0.5400576683580337
261.9,110.5,86.1,195.4,5.0,895.2,732.6,28,33.72,5146.46,264.06392,0.39105518873800926,0.26812144409889427,0.35378593132273023,0.7318785559011057,0.6462140686772697,0.5400507505135985
425.0,106.3,0.0,153.5,16.5,852.1,887.1,91,65.2,7828.6950000000015,430.34595,0.7832315933723684,0.6666698860774354,0.7396857985384071,0.3333301139225646,0.2603142014615929,0.5400268755322235
262.0,111.0,86.0,195.0,5.0,895.0,733.0,28,33.72,5148.75,264.17750000000007,0.39105518873800926,0.2684617110524352,0.35404952268565965,0.7315382889475648,0.6459504773143403,0.539899785934481
525.0,0.0,0.0,189.0,0.0,1125.0,613.0,180,61.92,6434.95,484.6217,0.7423695029276194,0.45957584015476927,0.8656465215223115,0.5404241598452307,0.13435347847768853,0.5398791610445395
251.4,0.0,118.3,188.5,6.4,1028.4,757.7,28,32.66,5142.705,253.55835,0.3778497570698891,0.26756349544800073,0.3294050762897179,0.7324365045519993,0.6705949237102822,0.5396827356005149
202.0,11.0,141.0,206.0,1.7,942.0,801.0,28,21.97,4177.7,200.9778,0.24467422449233836,0.12417514981404176,0.207378497331503,0.8758248501859582,0.7926215026684971,0.539448700459783
238.2,158.8,0.0,185.7,0.0,1040.6,734.3,28,26.91,4493.405,234.68961,0.30621651924753956,0.17108518412305473,0.28561535192487136,0.8289148158769453,0.7143846480751286,0.5389331256117882
155.0,183.0,0.0,193.0,9.0,877.0,868.0,28,23.79,4876.55,177.34989999999996,0.2673477015074125,0.22801600591975346,0.15254392818061335,0.7719839940802465,0.8474560718193866,0.5385338672286145
255.3,98.8,77.0,188.6,6.5,919.0,749.3,28,33.8,5261.9800000000005,260.36168000000004,0.39205182509032016,0.2852863517290465,0.3451939390046153,0.7147136482709535,0.6548060609953847,0.5384058398617446
190.7,0.0,125.4,162.1,7.8,1090.0,804.0,28,26.4,4927.855,202.46843,0.29986296250155725,0.235639322972774,0.21083788448877855,0.764360677027226,0.7891621155112214,0.5383121793853904
172.4,13.6,172.4,156.8,4.1,1006.3,856.4,3,21.29,4414.799999999999,180.60944,0.23620281549769526,0.1594054095016202,0.16010852222113714,0.8405945904983798,0.8398914777788629,0.5382229248181583
154.8,183.4,0.0,193.3,9.1,877.2,867.7,28,23.79,4888.005,177.37889,0.2673477015074125,0.22971808362840462,0.1526112068706233,0.7702819163715954,0.8473887931293766,0.5380915281289493
339.0,0.0,0.0,197.0,0.0,968.0,781.0,180,36.45,4833.95,316.8081,0.4250654042606205,0.22168614905475614,0.476192255436044,0.7783138509452439,0.523807744563956,0.5380631010076102
297.0,0.0,0.0,186.0,0.0,1040.0,734.0,7,30.96,4515.8,279.3458,0.3566712345832815,0.1744128166228579,0.38925143209154994,0.8255871833771421,0.6107485679084501,0.5374195551130387
475.0,0.0,59.0,142.0,1.9,1098.0,641.0,28,57.23,6349.200000000001,444.6966,0.6839416967733898,0.44683440292064946,0.7729901425463475,0.5531655970793505,0.22700985745365254,0.5370147120199457
425.0,106.3,0.0,151.4,18.6,936.0,803.7,91,66.7,8097.87,434.54752,0.8019185249781987,0.7066661119374262,0.7494366134947639,0.29333388806257377,0.25056338650523613,0.5369335811310518
157.0,236.0,0.0,192.0,0.0,935.4,781.2,7,16.89,3955.78,165.01880000000003,0.18138781612059302,0.09120045884032857,0.12392646511125333,0.9087995411596714,0.8760735348887467,0.536912177072401
272.8,181.9,0.0,185.7,0.0,1012.4,714.3,28,31.38,4802.965,266.70521,0.36190357543291396,0.2170821440087013,0.3599157185299113,0.7829178559912987,0.6400842814700887,0.5367023220818039
275.1,0.0,121.4,159.5,9.9,1053.6,777.5,14,38.77,5818.945000000001,281.84395000000006,0.45396785847763804,0.36804477259320567,0.3950490264153916,0.6319552274067943,0.6049509735846084,0.5362104794866698
295.7,0.0,95.6,171.5,8.9,955.1,859.2,28,39.94,5786.544999999999,297.43145,0.46854366513018564,0.36323051525926386,0.43122379635429803,0.6367694847407361,0.568776203645702,0.5356582546617024
233.8,0.0,94.6,197.9,4.6,947.0,852.2,56,27.66,4726.995,233.51857,0.31555998505045474,0.2057938992661228,0.28289765488626634,0.7942061007338772,0.7171023451137337,0.5356071039871301
480.0,0.0,0.0,192.0,0.0,936.2,712.2,90,54.32,5925.24,443.1082,0.647689049458079,0.3838389541768882,0.7693038551640887,0.6161610458231118,0.23069614483591128,0.5355588223937953
237.5,237.5,0.0,228.0,0.0,932.0,594.0,7,26.26,4455.05,236.5944,0.2981188488850131,0.1653860841217175,0.29003590300951815,0.8346139158782825,0.7099640969904819,0.5352039276596976
480.0,0.0,0.0,192.0,0.0,936.0,721.0,90,54.28,5933.8,443.1506,0.6471907312819236,0.3851108690774604,0.7694022551798325,0.6148891309225396,0.23059774482016748,0.5349670845766386
238.1,0.0,94.1,186.7,7.0,949.9,847.0,28,30.23,5048.264999999999,241.88091,0.347576927868444,0.253530826848697,0.30230459799137727,0.746469173151303,0.6976954020086228,0.5348296077242034
116.0,173.0,0.0,192.0,0.0,909.8,891.9,7,10.09,3498.26,125.1915,0.09667372617416221,0.02321839046301566,0.03149705598292518,0.9767816095369843,0.9685029440170748,0.534658001475596
194.7,0.0,100.5,165.6,7.5,1006.4,905.9,28,25.72,4877.81,204.67388,0.2913915535069142,0.22820322703829565,0.21595619379827402,0.7717967729617043,0.784043806201726,0.5346559215443146
425.0,106.3,0.0,153.5,16.5,852.1,887.1,56,64.3,7828.6950000000015,430.34595,0.7720194344088701,0.6666698860774354,0.7396857985384071,0.3333301139225646,0.2603142014615929,0.5344207960504744
139.6,209.4,0.0,192.0,0.0,1047.0,806.9,7,14.59,3887.7,148.9969,0.15273452099165316,0.08108457491147847,0.08674355916198834,0.9189154250885215,0.9132564408380117,0.5344102269774599
102.0,153.0,0.0,192.0,0.0,887.0,942.0,7,7.68,3342.0,111.6196,0.06665005606079483,0.0,0.0,1.0,1.0,0.5333250280303974
162.0,190.1,148.1,178.8,18.8,838.1,741.4,28,33.76,6255.56,205.49334,0.3915535069141647,0.43292060487280104,0.21785795976293393,0.567079395127199,0.782142040237066,0.5330821122981486
272.8,105.1,81.8,209.7,9.0,904.0,679.7,28,37.17,5652.685,280.80721000000005,0.43403513143141903,0.34334050023699814,0.39264300678514547,0.6566594997630019,0.6073569932148546,0.5330216889601737
273.0,105.0,82.0,210.0,9.0,904.0,680.0,28,37.17,5654.8,280.98900000000003,0.43403513143141903,0.34365476425740815,0.39306489685264784,0.6563452357425918,0.6069351031473522,0.5328376504381955
388.6,97.1,0.0,157.9,12.1,852.1,925.7,56,55.2,7002.515,389.02987,0.6586520493334995,0.5439092958257119,0.643801295649717,0.4560907041742881,0.356198704350283,0.5323983767978926
173.5,50.1,173.5,164.8,6.5,1006.2,793.5,3,23.08,4761.23,187.72624,0.2585025538806528,0.2108808159274651,0.17662487203356442,0.7891191840725349,0.8233751279664356,0.5323748549500691
162.0,190.0,148.0,179.0,19.0,838.0,741.0,28,33.76,6278.549999999999,205.85870000000003,0.3915535069141647,0.4363366473452489,0.218705870841996,0.5636633526547511,0.781294129158004,0.5320161239102712
252.0,97.0,76.0,194.0,8.0,835.0,821.0,28,33.4,5377.7,259.7792,0.38706864332876545,0.30248097699706233,0.34384214558078113,0.6975190230029377,0.6561578544192188,0.5319535410199219
290.2,193.5,0.0,185.7,0.0,998.2,704.3,28,33.04,4958.625,282.80481,0.38258377974336616,0.24021138155812538,0.3972789471495372,0.7597886184418746,0.6027210528504627,0.5319193076947675
192.0,288.0,0.0,192.0,0.0,929.8,716.1,7,21.48,4337.46,198.8525,0.2385698268344338,0.1479135989396746,0.2024461965423348,0.8520864010603254,0.7975538034576652,0.5316949645467146
236.9,91.7,71.5,246.9,6.0,852.9,695.4,28,28.63,4882.974999999999,241.56317000000004,0.327644200822225,0.22897068503612905,0.3015672012696203,0.771029314963871,0.6984327987303798,0.5311876288346752
237.0,92.0,71.0,247.0,6.0,853.0,695.0,28,28.63,4883.45,241.6541,0.327644200822225,0.22904126442605577,0.3017782275297995,0.7709587355739442,0.6982217724702005,0.5311172274221487
400.0,0.0,0.0,187.0,0.0,1025.0,745.0,28,43.7,5384.35,371.9811,0.5153855736888003,0.30346908845603493,0.6042352759229273,0.6965309115439651,0.39576472407707275,0.5307666957496596
122.6,183.9,0.0,203.5,0.0,958.2,800.1,7,10.35,3553.9149999999995,131.62994999999998,0.09991279431917278,0.03148806613957478,0.04643912158120278,0.9685119338604252,0.9535608784187972,0.5304746002293921
167.0,187.0,195.0,185.0,7.0,898.0,636.0,28,23.89,4933.35,188.8685,0.2685934969478012,0.2364558150730831,0.17927577774072823,0.7635441849269169,0.8207242222592718,0.5303638502704477
252.1,97.1,75.6,193.8,8.3,835.5,821.4,28,33.4,5415.039999999999,260.43354000000005,0.38706864332876545,0.30802925998624053,0.34536070846526074,0.6919707400137595,0.6546392915347392,0.5301868295515073
194.7,0.0,100.5,165.6,7.5,1006.4,905.9,14,24.99,4877.81,204.67388,0.28229724679207674,0.22820322703829565,0.21595619379827402,0.7717967729617043,0.784043806201726,0.5301087681868959
387.0,20.0,94.0,157.0,14.3,938.0,845.0,56,56.34,7231.950000000001,390.5381000000001,0.6728541173539306,0.5780006270421589,0.6473015280965468,0.42199937295784107,0.35269847190345316,0.5301015198922889
339.0,0.0,0.0,197.0,0.0,968.0,781.0,90,35.17,4833.95,316.8081,0.40911922262364525,0.22168614905475614,0.476192255436044,0.7783138509452439,0.523807744563956,0.5300900101891226
236.0,0.0,0.0,194.0,0.0,968.0,885.0,90,21.95,4062.3,224.6272,0.2444250654042606,0.10702807276660808,0.262262962716791,0.8929719272333919,0.737737037283209,0.5298897738312806
446.0,24.0,79.0,162.0,11.6,967.0,712.0,56,61.07,7293.5,437.9336,0.7317802416843155,0.5871462300947545,0.7572948758841613,0.41285376990524547,0.24270512411583867,0.5297798443474289
184.0,86.0,190.0,213.0,6.0,923.0,623.0,28,22.93,4663.25,197.0449,0.2566338607200698,0.19632214513797153,0.19825119964472027,0.8036778548620285,0.8017488003552797,0.529673594164362
380.0,95.0,0.0,228.0,0.0,932.0,594.0,270,41.15,5238.8,357.43440000000004,0.4836177899588888,0.28184207750062773,0.5704759478799255,0.7181579224993723,0.4295240521200745,0.5287293886343061
108.3,162.4,0.0,203.5,0.0,938.2,849.0,7,7.72,3392.765,117.72645,0.06714837423695029,0.0075430794307883575,0.014172503210996723,0.9924569205692116,0.9858274967890033,0.5281452914580289
146.5,114.6,89.3,201.9,8.8,860.0,829.5,28,19.99,4695.245,167.85237000000004,0.22000747477264232,0.20107622425523874,0.13050248710681311,0.7989237757447613,0.8694975128931869,0.5271090595458082
165.0,0.0,143.6,163.8,0.0,1005.6,900.9,3,14.4,3805.51,164.97564,0.15036750965491466,0.06887211163133489,0.12382630132164218,0.9311278883686651,0.8761736986783578,0.527009151589213
222.4,0.0,96.7,189.3,4.5,967.1,870.3,28,24.89,4664.085,223.37599,0.2810514513516881,0.19644621627605297,0.25935921074275675,0.803553783723947,0.7406407892572433,0.5265743689211416
380.0,95.0,0.0,228.0,0.0,932.0,594.0,180,40.76,5238.8,357.43440000000004,0.47875918774137294,0.28184207750062773,0.5704759478799255,0.7181579224993723,0.4295240521200745,0.5263000875255481
194.7,0.0,100.5,170.2,7.5,998.0,901.8,14,24.28,4863.86,204.58756,0.2734520991653171,0.22613042179729292,0.2157558662190518,0.7738695782027071,0.7842441337809483,0.5262544775785724
186.2,124.1,0.0,185.7,0.0,1083.4,764.3,28,17.6,4028.665,186.57761,0.1902329637473527,0.10203030901885723,0.17395918311648817,0.8979696909811428,0.8260408168835118,0.52611910883984
251.4,0.0,118.3,188.5,5.8,1028.4,757.7,14,29.93,5070.705,252.43035,0.34383954154727797,0.25686514581701947,0.32678726455011337,0.7431348541829805,0.6732127354498867,0.5260066681818558
491.0,26.0,123.0,210.0,3.9,882.0,699.0,56,59.59,6733.4,464.519,0.713342469166563,0.5039219852570798,0.818993078208704,0.49607801474292024,0.18100692179129596,0.5259424687168355
313.3,145.0,0.0,178.5,8.0,867.2,824.0,28,40.93,5931.615000000001,315.66115,0.48087703999003373,0.38478620388379803,0.47353046538751614,0.615213796116202,0.5264695346124839,0.5258593526771884
250.0,0.0,95.7,187.4,5.5,956.9,861.2,28,29.22,4995.25,249.94132,0.3349943939205183,0.24565342399194046,0.3210108355126771,0.7543465760080595,0.6789891644873229,0.5258311320841047
425.0,106.3,0.0,151.4,18.6,936.0,803.7,56,64.9,8097.87,434.54752,0.7794942070512023,0.7066661119374262,0.7494366134947639,0.29333388806257377,0.25056338650523613,0.5257214221675537
313.0,145.0,0.0,178.0,8.0,1002.0,689.0,28,41.05,5955.8,315.79440000000005,0.4823719945185001,0.3883798092424825,0.47383970600303243,0.6116201907575175,0.5261602939969676,0.5256311184478714
212.1,0.0,121.6,180.3,5.7,1057.6,779.3,28,24.9,4787.485,217.30059,0.28117603089572696,0.21478199883804028,0.2452596952792871,0.7852180011619597,0.7547403047207129,0.5255775919185317
147.0,115.0,89.0,202.0,9.0,860.0,829.0,28,19.99,4723.6,168.68859999999998,0.22000747477264232,0.2052894423633843,0.13244317213430373,0.7947105576366157,0.8675568278656962,0.5255705837618991
178.0,129.8,118.6,179.9,3.6,1007.3,746.8,3,20.73,4536.155,188.76617,0.22922636103151864,0.17743732921644984,0.17903829487254225,0.8225626707835502,0.8209617051274578,0.5254942744935114
313.3,145.0,0.0,178.5,8.0,1001.9,688.7,28,41.05,5957.955,316.06225000000006,0.4823719945185001,0.3887000167904653,0.47446132025343407,0.6112999832095347,0.525538679746566,0.5253956629982752
380.0,95.0,0.0,228.0,0.0,932.0,594.0,90,40.56,5238.8,357.43440000000004,0.4762675968605956,0.28184207750062773,0.5704759478799255,0.7181579224993723,0.4295240521200745,0.5250542920851595
296.0,0.0,0.0,192.0,0.0,1085.0,765.0,90,29.39,4592.6,278.9626,0.33711224616917906,0.1858243895625712,0.3883621187417126,0.8141756104374288,0.6116378812582874,0.5250094960085185
375.0,93.8,0.0,126.6,23.4,852.1,992.6,91,62.5,8298.35,398.18738,0.7495951164818737,0.7364550721321363,0.6650536335783928,0.26354492786786365,0.33494636642160724,0.5244203818133046
251.4,0.0,118.3,188.5,5.8,1028.4,757.7,28,29.65,5070.705,252.43035,0.34035131431418963,0.25686514581701947,0.32678726455011337,0.7431348541829805,0.6732127354498867,0.5242625545653117
222.4,0.0,96.7,189.3,4.5,967.1,870.3,14,24.45,4664.085,223.37599,0.27556995141397783,0.19644621627605297,0.25935921074275675,0.803553783723947,0.7406407892572433,0.5238336189522865
158.6,148.9,116.0,175.1,15.0,953.3,719.7,28,27.68,5699.215,193.09223,0.3158091441385325,0.3502543086860197,0.1890780206298418,0.6497456913139803,0.8109219793701582,0.5230714897403009
159.0,149.0,116.0,175.0,15.0,953.0,720.0,28,27.68,5702.85,193.4565,0.3158091441385325,0.3507944267541949,0.18992340208585756,0.6492055732458051,0.8100765979141424,0.5227251148592531
277.0,0.0,0.0,191.0,0.0,968.0,856.0,28,25.97,4381.65,261.3813,0.2945060421078859,0.15447971102568925,0.34756022730774966,0.8455202889743108,0.6524397726922504,0.5217430364705833
166.8,250.2,0.0,203.5,0.0,975.6,692.6,7,15.75,4041.895,174.45925,0.16718574810016196,0.10399613076355008,0.14583543748461336,0.8960038692364499,0.8541645625153866,0.5211349819880401
525.0,0.0,0.0,189.0,0.0,1125.0,613.0,90,58.78,6434.95,484.6217,0.7032515260994145,0.45957584015476927,0.8656465215223115,0.5404241598452307,0.13435347847768853,0.5203201726304371
218.9,0.0,124.1,158.5,11.3,1078.7,794.9,28,30.22,5562.115,234.25635000000003,0.34745234832440514,0.3298828679303596,0.2846098615753138,0.6701171320696404,0.7153901384246861,0.5201029917857842
500.0,0.0,0.0,200.0,0.0,1125.0,613.0,270,55.16,6223.0,462.125,0.658153731157344,0.42808257342856837,0.813437190527309,0.5719174265714316,0.186562809472691,0.5186969245897026
491.0,26.0,123.0,201.0,3.9,822.0,699.0,28,57.92,6660.95,464.0363,0.6925376853120718,0.4931567709409048,0.8178728497275805,0.5068432290590952,0.18212715027241955,0.5185114374889146
379.5,151.2,0.0,153.9,15.9,1134.3,605.0,91,56.5,7561.205,391.44997,0.6748473900585524,0.6269240313164466,0.6494177550389164,0.3730759686835534,0.3505822449610836,0.5183382484404355
190.3,0.0,125.2,166.6,9.9,1079.0,798.9,28,24.85,5157.98,205.93888,0.28055313317553265,0.26983318003985124,0.21889194898497605,0.7301668199601488,0.7811080510150239,0.5180952843315595
152.7,144.7,0.0,178.1,8.0,999.7,822.2,28,19.01,4722.795,172.15642999999997,0.2077986794568332,0.20516982887098234,0.14049115625216985,0.7948301711290177,0.8595088437478302,0.5174840934476286
144.0,15.0,195.0,176.0,6.0,1021.0,709.0,28,15.34,4322.0,158.69079999999997,0.16207798679456834,0.14561642553280008,0.10924072691247849,0.8543835744671999,0.8907592730875216,0.5173247052859645
313.3,262.2,0.0,175.5,8.6,1046.9,611.8,7,42.8,6358.505,323.2592500000001,0.5041734147253021,0.4482170160222644,0.4911637946239434,0.5517829839777356,0.5088362053760567,0.5172415047010991
153.0,145.0,0.0,178.0,8.0,1000.0,822.0,28,19.01,4726.4,172.44340000000005,0.2077986794568332,0.20570548929347787,0.14115714333986001,0.7942945107065221,0.85884285666014,0.5171836815700821
401.8,94.7,0.0,147.4,11.4,946.8,852.1,7,54.1,7063.030000000001,399.85552,0.6449482994892239,0.5529011101023624,0.6689249779713928,0.4470988898976376,0.33107502202860717,0.5170176277261731
168.9,42.2,124.3,158.3,10.8,1080.8,796.2,14,23.51,5207.924999999999,190.53939000000003,0.2638594742743242,0.2772544171553978,0.18315350421022114,0.7227455828446022,0.8168464957897789,0.5168277567957574
212.5,0.0,100.4,159.3,8.7,1007.8,903.6,14,26.31,5171.975,222.94499,0.29874174660520747,0.2719126717493733,0.25835896529969865,0.7280873282506267,0.7416410347003013,0.5168029640403358
213.5,0.0,174.2,159.2,11.7,1043.6,771.9,14,29.59,5599.33,231.10546,0.33960383704995645,0.33541257739587305,0.277297417575134,0.664587422604127,0.7227025824248661,0.5166244197822265
230.0,0.0,118.3,195.5,4.6,1029.4,758.6,28,24.48,4747.255,230.92895,0.2759436900460945,0.20880429598172956,0.2768877810944978,0.7911957040182704,0.7231122189055021,0.5165488257539904
375.0,0.0,0.0,186.0,0.0,1038.0,758.0,28,38.21,5200.4,349.6498,0.44699140401146137,0.276136291030771,0.5524097978195301,0.723863708969229,0.44759020218046985,0.5163591797931555
181.4,0.0,167.0,169.6,7.6,1055.6,777.8,14,21.6,4840.9,194.44168,0.24006478136290024,0.22271883697052441,0.19220976358375086,0.7772811630294756,0.8077902364162491,0.5163002405428813
231.8,0.0,121.6,174.0,6.7,1056.4,778.5,14,26.77,5072.38,236.8951,0.3044724056309954,0.2571140310341291,0.2907337540645705,0.7428859689658709,0.7092662459354295,0.5152742565408228
260.9,100.5,78.3,200.6,8.6,864.5,761.5,28,32.4,5516.679999999999,269.10178,0.37461068892487853,0.32313176354864237,0.36547757055188307,0.6768682364513576,0.6345224294481169,0.5151530109373079
250.0,0.0,95.7,191.8,5.3,948.9,857.2,28,27.22,4957.87,249.48264,0.3100784851127445,0.24009919747518937,0.31994635156877477,0.7599008025248106,0.6800536484312252,0.5150278552953812
255.0,0.0,0.0,192.0,0.0,889.8,945.0,90,21.86,4189.86,241.401,0.2433038495079108,0.12598198219616308,0.30119084441695027,0.8740180178038369,0.6988091555830498,0.5148587181006771
200.0,133.0,0.0,192.0,0.0,965.4,806.2,7,17.17,4073.28,198.7278,0.18487604335368135,0.10865957108533275,0.20215679838282363,0.8913404289146672,0.7978432016171764,0.5147339293098017
393.0,0.0,0.0,192.0,0.0,940.0,758.0,28,39.58,5236.1,365.0676,0.46405880154478635,0.281440889389466,0.5881907356199518,0.718559110610534,0.41180926438004817,0.5146214945200387
333.0,0.0,0.0,192.0,0.0,931.2,842.6,28,31.97,4800.14,311.4202,0.3692537685312072,0.21666238237387458,0.463688259095782,0.7833376176261254,0.536311740904218,0.5145392238981894
540.0,0.0,0.0,162.0,2.5,1055.0,676.0,28,61.89,6840.1,502.5686,0.7419957642955027,0.5197763450574366,0.9072968810165578,0.48022365494256336,0.09270311898344219,0.5142295756292528
102.0,153.0,0.0,192.0,0.0,887.0,942.0,3,4.57,3342.0,111.6196,0.02790581786470662,0.0,0.0,1.0,1.0,0.5139529089323533
540.0,0.0,0.0,173.0,0.0,1125.0,613.0,14,59.76,6561.65,498.1169,0.7154603214152236,0.4784019637415099,0.8969655755899639,0.5215980362584901,0.10303442441003607,0.5138882758747434
393.0,0.0,0.0,192.0,0.0,940.6,785.6,28,39.6,5264.42,365.2104,0.46430796063286417,0.2856489069109852,0.5885221394465612,0.7143510930890148,0.4114778605534388,0.5136112187270455
261.0,100.0,78.0,201.0,9.0,864.0,761.0,28,32.4,5562.35,269.9033,0.37461068892487853,0.3299177861548497,0.3673377021702588,0.6700822138451503,0.6326622978297411,0.5129914723811622
210.7,316.1,0.0,185.7,0.0,977.0,689.3,7,21.82,4610.235,217.38541,0.24280553133175534,0.18844474228121488,0.2454565417258769,0.8115552577187851,0.7545434582741231,0.5129274446641048
141.3,212.0,0.0,203.5,0.0,971.8,748.5,7,10.39,3761.885,149.77195,0.10041111249532829,0.062389951872285465,0.08854226039317675,0.9376100481277145,0.9114577396068233,0.5124725031812987
350.0,0.0,0.0,186.0,0.0,1050.0,770.0,28,34.29,5014.3,327.3058,0.39815622274822476,0.248484028998471,0.5005548461265112,0.751515971001529,0.49944515387348876,0.5118183925928668
297.2,0.0,117.5,174.8,9.5,1022.8,753.5,14,36.99,5890.799999999999,300.51484,0.4317926996387194,0.37872157693673536,0.43837958938601734,0.6212784230632646,0.5616204106139826,0.5116210582386715
427.5,47.5,0.0,228.0,0.0,932.0,594.0,365,43.7,5500.05,397.71440000000007,0.5153855736888003,0.3206607419602645,0.663955962836728,0.6793392580397355,0.336044037163272,0.511538610645152
331.0,0.0,0.0,192.0,0.0,978.0,825.0,28,31.45,4821.7,309.9066,0.36277563224118603,0.2198659437355961,0.46017556419412814,0.7801340562644039,0.5398244358058719,0.511377439138162
251.8,0.0,99.9,146.1,12.4,1006.0,899.8,28,33.94,5942.405000000001,265.22013000000004,0.39379593870686436,0.38638947044655203,0.3564692115633759,0.613610529553448,0.6435307884366241,0.5111832988509502
332.5,142.5,0.0,228.0,0.0,932.0,594.0,28,33.02,4977.55,317.15440000000007,0.3823346206552885,0.24302341304099095,0.4769959329231231,0.756976586959009,0.523004067076877,0.5111624738366158
331.0,0.0,0.0,192.0,0.0,1025.0,821.0,28,31.74,4874.1,310.2626,0.3663884390183132,0.22765196485592143,0.4610017530055636,0.7723480351440786,0.5389982469944363,0.5110307900437854
116.0,173.0,0.0,192.0,0.0,909.8,891.9,3,6.28,3498.26,125.1915,0.0492089198953532,0.02321839046301566,0.03149705598292518,0.9767816095369843,0.9685029440170748,0.5109255983361913
339.0,0.0,0.0,197.0,0.0,968.0,781.0,28,32.04,4833.95,316.8081,0.3701258253394793,0.22168614905475614,0.476192255436044,0.7783138509452439,0.523807744563956,0.5105933115470396
289.0,0.0,0.0,192.0,0.0,913.2,895.3,28,25.57,4457.24,271.9397,0.2895228603463312,0.16571149225632642,0.37206368783207694,0.8342885077436736,0.6279363121679231,0.5103176351510648
275.0,0.0,0.0,183.0,0.0,1088.0,808.0,28,24.5,4460.25,260.2989,0.2761928491341722,0.16615874270617714,0.34504824200017165,0.8338412572938229,0.6549517579998283,0.5102946783904989
375.0,93.8,0.0,126.6,23.4,852.1,992.6,56,60.2,8298.35,398.18738,0.7209418213529339,0.7364550721321363,0.6650536335783928,0.26354492786786365,0.33494636642160724,0.5100937342488348
475.0,0.0,0.0,162.0,9.5,1044.0,662.0,28,58.52,7100.400000000001,457.0706,0.700012457954404,0.5584538507372203,0.8017071660089958,0.4415461492627797,0.19829283399100417,0.509965974790648
326.0,0.0,138.0,199.0,11.0,801.0,792.0,28,40.68,6130.15,328.23370000000006,0.477762551389062,0.41428616005028207,0.5027082747729468,0.5857138399497179,0.4972917252270532,0.5096326669887238
313.0,0.0,113.0,178.0,8.0,1002.0,689.0,28,36.8,5746.8,311.3054,0.4294256883019808,0.35732487767477306,0.46342183641164486,0.6426751223252269,0.5365781635883551,0.5095261656293859
425.0,106.3,0.0,153.5,16.5,852.1,887.1,28,60.29,7828.6950000000015,430.34595,0.7220630372492837,0.6666698860774354,0.7396857985384071,0.3333301139225646,0.2603142014615929,0.5094425974706812
203.5,305.3,0.0,203.5,0.0,963.4,630.0,7,19.54,4441.905000000001,209.94385,0.21440139529089322,0.16343289237311687,0.22818650349097264,0.8365671076268831,0.7718134965090273,0.5092958486794242
313.3,0.0,113.0,178.5,8.0,1001.9,688.7,28,36.8,5748.955,311.57325000000003,0.4294256883019808,0.35764508522275584,0.4640434506620466,0.6423549147772442,0.5359565493379534,0.5092907101797898
182.0,45.2,122.0,170.2,8.2,1059.4,780.7,14,21.5,4971.089999999999,197.29016000000004,0.23881898592251152,0.2420635333379889,0.19882038803767726,0.7579364666620111,0.8011796119623227,0.5091885126173392
229.7,0.0,118.2,195.2,6.1,1028.1,757.6,28,24.54,4921.93,233.46076,0.27669116731032767,0.23475893795105796,0.28276349203461154,0.765241062048942,0.7172365079653884,0.5089649761587465
168.0,42.1,163.8,121.8,5.7,1058.7,780.1,14,17.82,4622.53,180.93444,0.1929737137162078,0.19027163406889425,0.16086276762483526,0.8097283659311058,0.8391372323751647,0.5087032564346715
520.0,0.0,0.0,170.0,5.2,855.0,855.0,28,60.28,6933.5,488.942,0.7219384577052449,0.5336544819398483,0.8756728797303024,0.4663455180601517,0.12432712026969761,0.5086373884350848
322.0,0.0,0.0,203.0,0.0,974.0,800.0,180,29.59,4715.95,301.6529,0.33960383704995645,0.20415274271509243,0.4410207479218103,0.7958472572849076,0.5589792520781898,0.5085085458657526
325.0,0.0,0.0,184.0,0.0,1063.0,783.0,28,30.57,4830.299999999999,304.97420000000005,0.3518126323657656,0.22114380216374108,0.44872867179658765,0.7788561978362589,0.5512713282034123,0.5084381976928006
379.5,151.2,0.0,153.9,15.9,1134.3,605.0,56,54.9,7561.205,391.44997,0.6549146630123334,0.6269240313164466,0.6494177550389164,0.3730759686835534,0.3505822449610836,0.508371884917326
307.0,0.0,0.0,193.0,0.0,968.0,812.0,28,27.53,4592.75,288.1619,0.3139404509779495,0.18584667779096908,0.40971144102552876,0.8141533222090309,0.5902885589744713,0.5080806957848503
314.0,0.0,113.0,170.0,10.0,925.0,783.0,28,38.46,5996.5,315.817,0.4501058926124331,0.39442734854777317,0.4738921550680279,0.6055726514522268,0.526107844931972,0.5079730704022662
236.0,0.0,0.0,194.0,0.0,968.0,885.0,28,18.42,4062.3,224.6272,0.20044848635853996,0.10702807276660808,0.262262962716791,0.8929719272333919,0.737737037283209,0.5079014843084202
239.6,359.4,0.0,185.7,0.0,941.6,664.3,7,25.42,4918.304999999999,245.23881,0.28765416718574816,0.23422030576477582,0.3100974615023863,0.7657796942352242,0.6899025384976136,0.5077476417760836
313.8,0.0,112.6,169.9,10.1,925.3,782.9,28,38.46,6006.254999999999,315.81607,0.4501058926124331,0.39587682633458177,0.47388999676579585,0.6041231736654182,0.5261100032342041,0.5076112405311222
251.8,0.0,99.9,146.1,12.4,1006.0,899.8,14,33.36,5942.405000000001,265.22013000000004,0.38657032515261,0.38638947044655203,0.3564692115633759,0.613610529553448,0.6435307884366241,0.507570492073823
250.0,0.0,0.0,182.0,0.0,1100.0,820.0,28,20.87,4274.1,237.9546,0.23097047464806278,0.1384990512644112,0.2931925940806264,0.8615009487355888,0.7068074059193736,0.507562325987772
427.5,47.5,0.0,228.0,0.0,932.0,594.0,270,43.01,5500.05,397.71440000000007,0.5067895851501184,0.3206607419602645,0.663955962836728,0.6793392580397355,0.336044037163272,0.5072406163758111
302.0,0.0,0.0,203.0,0.0,974.0,817.0,180,26.74,4562.95,283.7379,0.3040986669988788,0.1814187497492573,0.399444420514881,0.8185812502507427,0.600555579485119,0.5068335409334048
349.0,0.0,0.0,192.0,0.0,1056.0,809.0,28,33.61,5052.3,326.6506,0.3896848137535817,0.2541303801925999,0.49903428739265593,0.7458696198074001,0.5009657126073441,0.5065512399804769
238.1,0.0,94.1,186.7,7.0,949.9,847.0,14,25.69,5048.264999999999,241.88091,0.2910178148747976,0.253530826848697,0.30230459799137727,0.746469173151303,0.6976954020086228,0.5065500512273803
425.0,106.3,0.0,151.4,18.6,936.0,803.7,28,61.8,8097.87,434.54752,0.7408745483991529,0.7066661119374262,0.7494366134947639,0.29333388806257377,0.25056338650523613,0.5064115928415289
310.0,0.0,0.0,192.0,0.0,970.0,850.0,28,27.92,4658.6,291.0676,0.31879905319546537,0.1956312100576374,0.4164548590856078,0.8043687899423626,0.5835451409143921,0.5063780093119213
295.7,0.0,95.6,171.5,8.9,955.1,859.2,14,35.23,5786.544999999999,297.43145,0.40986669988787844,0.36323051525926386,0.43122379635429803,0.6367694847407361,0.568776203645702,0.5063197720405488
382.0,0.0,0.0,185.0,0.0,1047.0,739.0,28,37.42,5251.65,355.9265,0.4371496200323907,0.28375143573337913,0.5669764812822748,0.7162485642666209,0.43302351871772515,0.5058928307622819
382.0,0.0,0.0,186.0,0.0,1047.0,739.0,28,37.42,5251.7,355.9268,0.4371496200323907,0.2837588651428451,0.5669771775088013,0.7162411348571549,0.4330228224911987,0.5058907993532837
339.2,0.0,0.0,185.7,0.0,1069.2,754.3,28,31.9,4929.825,317.66081,0.3683817117229351,0.2359320417057329,0.47817118650738993,0.7640679582942671,0.5218288134926101,0.5056650488081869
233.8,0.0,94.6,197.9,4.6,947.0,852.2,28,22.84,4726.995,233.51857,0.25551264482372,0.2057938992661228,0.28289765488626634,0.7942061007338772,0.7171023451137337,0.5055834338737627
382.5,0.0,0.0,185.7,0.0,1047.8,739.3,28,37.44,5257.195,356.38461,0.43739877912046843,0.2845753572431541,0.568039642395777,0.7154246427568459,0.431960357604223,0.5055456396505014
350.0,0.0,0.0,203.0,0.0,974.0,775.0,180,32.72,4928.95,326.7279,0.37859723433412235,0.23580202704007858,0.4992136817609815,0.7641979729599214,0.5007863182390184,0.5055446899667961
339.0,0.0,0.0,185.0,0.0,1069.0,754.0,28,31.84,4927.55,317.4775,0.3676342344587019,0.2355940035750318,0.4777457688921533,0.7644059964249682,0.5222542311078466,0.5054821741125546
225.0,0.0,0.0,181.0,0.0,1113.0,833.0,28,17.34,4090.15,215.6233,0.1869938956023421,0.11116625383914736,0.2413671159772291,0.8888337461608526,0.758632884022771,0.5053636053470769
300.0,0.0,0.0,184.0,0.0,1075.0,795.0,28,26.85,4644.2,282.63020000000006,0.3054690419833064,0.193491540131441,0.39687372010356897,0.806508459868559,0.603126279896431,0.5051432059329006
376.0,0.0,0.0,214.6,0.0,1003.5,762.4,56,36.3,5173.33,350.3043800000001,0.42319671110003737,0.27211400874590075,0.5539289176852309,0.7278859912540993,0.4460710823147691,0.5050876239422357
190.7,0.0,125.4,162.1,7.8,1090.0,804.0,14,21.06,4927.855,202.46843,0.23333748598480128,0.235639322972774,0.21083788448877855,0.764360677027226,0.7891621155112214,0.5050494411270126
339.0,0.0,0.0,185.0,0.0,1060.0,754.0,28,31.65,4916.75,317.4055,0.3652672231219634,0.2339892511303846,0.47757867452579555,0.7660107488696154,0.5224213254742045,0.5047416301469367
446.0,24.0,79.0,162.0,11.6,967.0,712.0,28,57.03,7293.5,437.9336,0.6814501058926125,0.5871462300947545,0.7572948758841613,0.41285376990524547,0.24270512411583867,0.5046147764515773
310.0,0.0,0.0,192.0,0.0,1012.0,830.0,28,27.83,4689.0,291.3036,0.3176778372991155,0.20014829101294052,0.41700255728644703,0.7998517089870595,0.5829974427135529,0.5045512065747109
388.6,97.1,0.0,157.9,12.1,852.1,925.7,28,50.7,7002.515,389.02987,0.6025912545160086,0.5439092958257119,0.643801295649717,0.4560907041742881,0.356198704350283,0.5043679793891471
290.4,0.0,96.2,168.1,9.4,961.2,865.0,28,34.74,5815.645,293.69443,0.4037623022299739,0.36755443156845236,0.4225510881742119,0.6324455684315476,0.5774489118257882,0.5043547711793209
397.0,0.0,0.0,185.0,0.0,1040.0,734.0,28,39.09,5365.75,369.3455,0.45795440388688186,0.30070534813469807,0.5981186938121987,0.6992946518653019,0.40188130618780127,0.5042711914567167
190.3,0.0,125.2,161.9,9.9,1088.1,802.6,14,22.72,5172.365,206.02877000000004,0.25401769029525356,0.2719706211432077,0.21910056165986358,0.7280293788567923,0.7808994383401364,0.504241049446859
290.4,0.0,96.2,168.1,9.4,961.2,865.0,14,34.67,5815.645,293.69443,0.4028902454217018,0.36755443156845236,0.4225510881742119,0.6324455684315476,0.5774489118257882,0.5039187427751849
236.0,157.0,0.0,192.0,0.0,972.6,749.1,7,20.42,4402.82,232.1479,0.2253643951663137,0.15762532299357646,0.2797166655093835,0.8423746770064235,0.7202833344906165,0.5033467004574168
272.6,0.0,89.6,198.7,10.6,931.3,762.2,28,32.25,5657.995,279.00821,0.37274199576429556,0.3441295035222829,0.3884679683812901,0.6558704964777171,0.6115320316187098,0.5032216299062545
155.0,183.0,0.0,193.0,9.0,1047.0,697.0,28,18.28,4909.55,177.8549,0.1987043727419958,0.2329194161672865,0.15371590950020586,0.7670805838327135,0.8462840904997941,0.5026933549541248
173.0,116.0,0.0,192.0,0.0,946.8,856.8,7,11.39,3821.06,173.64800000000002,0.11286906689921518,0.07118265797524814,0.1439527249192285,0.9288173420247519,0.8560472750807715,0.5026506877259884
525.0,0.0,0.0,189.0,0.0,1125.0,613.0,28,55.94,6434.95,484.6217,0.6678709355923758,0.45957584015476927,0.8656465215223115,0.5404241598452307,0.13435347847768853,0.5026298773769177
165.0,128.5,132.1,175.1,8.1,1005.8,746.6,3,19.42,4986.515,185.80863,0.21290644076242682,0.24435550615823742,0.1721745688686857,0.7556444938417626,0.8278254311313142,0.5023207016244826
154.8,183.4,0.0,193.3,9.1,1047.4,696.7,28,18.29,4921.245,177.88549,0.19882895228603462,0.2346571550413743,0.15378690139835705,0.7653428449586257,0.846213098601643,0.5023034620330844
153.0,102.0,0.0,192.0,0.0,888.0,943.1,7,8.37,3624.8,154.88110000000003,0.07524604459947676,0.0420207399394652,0.10039934625257468,0.9579792600605348,0.8996006537474253,0.5020180007517283
212.6,0.0,100.4,159.4,10.4,1003.8,903.8,14,25.37,5372.2300000000005,226.20002,0.2870312694655538,0.3016681996014865,0.2659130927347741,0.6983318003985135,0.7340869072652259,0.5016203116487117
349.0,0.0,0.0,192.0,0.0,1047.0,806.0,28,32.72,5038.5,326.56359999999995,0.37859723433412235,0.2520798631799952,0.4988323816999735,0.7479201368200048,0.5011676183000264,0.501570555947069
304.0,140.0,0.0,214.0,6.0,895.0,722.0,28,33.42,5530.7,302.99420000000003,0.3873178024168432,0.32521496996289745,0.44413357672174975,0.6747850300371026,0.5558664232782502,0.5013217645372599
233.8,0.0,94.6,197.9,4.6,947.0,852.2,14,22.14,4726.995,233.51857,0.24679207674099915,0.2057938992661228,0.28289765488626634,0.7942061007338772,0.7171023451137337,0.5012231498324022
212.1,0.0,121.6,180.3,5.7,1057.6,779.3,14,20.92,4787.485,217.30059,0.23159337236825714,0.21478199883804028,0.2452596952792871,0.7852180011619597,0.7547403047207129,0.5007862626547968
491.0,26.0,123.0,210.0,3.9,882.0,699.0,28,55.55,6733.4,464.519,0.6630123333748599,0.5039219852570798,0.818993078208704,0.49607801474292024,0.18100692179129596,0.500777400820984
273.0,0.0,90.0,199.0,11.0,931.0,762.0,28,32.24,5709.65,280.1277,0.3726174162202567,0.3518048264415653,0.3910660304950932,0.6481951735584347,0.6089339695049067,0.5005909938759636
193.5,290.2,0.0,185.7,0.0,998.2,704.3,7,17.2,4426.775,200.80321,0.18524978198579792,0.1611847530687175,0.20697331670063635,0.8388152469312825,0.7930266832993637,0.5005853735505605
303.6,139.9,0.0,213.5,6.2,895.5,722.5,28,33.42,5552.075000000001,303.01135000000005,0.3873178024168432,0.32839104250959505,0.44417337767151416,0.671608957490405,0.5558266223284858,0.5005177961631443
295.0,0.0,0.0,185.0,0.0,1069.0,769.0,28,25.18,4568.55,277.95250000000004,0.2846642581288153,0.18225084360944477,0.3860179240270189,0.8177491563905552,0.613982075972981,0.5002649371552916
427.5,47.5,0.0,228.0,0.0,932.0,594.0,180,41.84,5500.05,397.71440000000007,0.49221377849757075,0.3206607419602645,0.663955962836728,0.6793392580397355,0.336044037163272,0.49995271304953726
252.5,0.0,0.0,185.7,0.0,1111.6,784.3,28,19.77,4273.755,240.12001,0.21726672480378723,0.138447788339096,0.2982179803563863,0.861552211660904,0.7017820196436138,0.499466920228023
380.0,95.0,0.0,228.0,0.0,932.0,594.0,28,36.45,5238.8,357.43440000000004,0.4250654042606205,0.28184207750062773,0.5704759478799255,0.7181579224993723,0.4295240521200745,0.49945319578517194
252.0,0.0,0.0,185.0,0.0,1111.0,784.0,28,19.69,4268.45,239.6635,0.21627008845147627,0.13765952799475778,0.2971585324510256,0.8623404720052422,0.7028414675489745,0.4994305291142923
385.0,0.0,136.0,158.0,20.0,903.0,768.0,28,55.55,7804.0,398.8834,0.6630123333748599,0.6630005007421977,0.6666689255349527,0.33699949925780226,0.3333310744650473,0.4990888101181423
250.0,0.0,95.7,191.8,5.3,948.9,857.2,14,24.66,4957.87,249.48264,0.2781861218387941,0.24009919747518937,0.31994635156877477,0.7599008025248106,0.6800536484312252,0.499081673658406
446.0,24.0,79.0,162.0,11.6,967.0,712.0,56,56.14,7293.5,437.9336,0.6703625264731532,0.5871462300947545,0.7572948758841613,0.41285376990524547,0.24270512411583867,0.49907098674184763
250.0,0.0,95.7,187.4,5.5,956.9,861.2,14,24.92,4995.25,249.94132,0.2814251899838047,0.24565342399194046,0.3210108355126771,0.7543465760080595,0.6789891644873229,0.49904653011574795
198.6,132.4,0.0,192.0,0.0,978.4,825.5,7,14.64,4094.48,197.63710000000003,0.15335741871184752,0.11180964069889932,0.19962555080801275,0.8881903593011007,0.8003744491919873,0.49881991147919574
295.8,0.0,0.0,185.7,0.0,1091.4,769.3,28,25.22,4602.5650000000005,278.85341,0.2851625763049707,0.18730507086913695,0.38810871549362097,0.812694929130863,0.6118912845063791,0.4987278415617959
286.3,200.9,0.0,144.7,11.2,1004.6,803.7,7,38.0,6396.705000000001,301.27151000000003,0.4443752335866451,0.4538930848542573,0.44013563513868287,0.5461069151457427,0.5598643648613171,0.4986804367950875
296.0,0.0,0.0,186.0,0.0,1090.0,769.0,28,25.18,4602.3,279.02080000000007,0.2846642581288153,0.18726569499896728,0.388497186687852,0.8127343050010327,0.6115028133121481,0.4983914086427028
427.5,47.5,0.0,228.0,0.0,932.0,594.0,90,41.54,5500.05,397.71440000000007,0.4884763921764047,0.3206607419602645,0.663955962836728,0.6793392580397355,0.336044037163272,0.49808401988895423
333.0,17.5,163.0,167.0,17.9,996.0,652.0,28,47.28,7212.55,349.9411,0.5599850504547154,0.5751180161693665,0.5530858337767524,0.42488198383063347,0.44691416622324764,0.49794156274082796
133.0,200.0,0.0,192.0,0.0,927.4,839.2,3,6.88,3692.18,141.7728,0.05668369253768532,0.05203261213579169,0.06997819232858621,0.9479673878642083,0.9300218076714137,0.4978391451527482
446.0,24.0,79.0,162.0,10.3,967.0,712.0,56,54.77,7137.5,435.4896,0.6532951289398282,0.5639664725609619,0.7516229504483514,0.4360335274390381,0.24837704955164863,0.4977502087175858
326.5,0.0,137.9,199.0,10.8,801.1,792.5,28,38.63,6110.82,328.3083,0.4522237448610939,0.41141395035074224,0.5028814031025339,0.5885860496492578,0.49711859689746607,0.4975380340672279
238.1,0.0,0.0,185.7,0.0,1118.8,789.3,28,17.58,4164.995,227.24261,0.18998380465927492,0.1222873368687416,0.26833268878228683,0.8777126631312584,0.7316673112177132,0.49733689591688035
238.0,0.0,0.0,185.0,0.0,1118.0,789.0,28,17.54,4162.85,227.1445,0.18948548648311947,0.12196861520265201,0.2681049995005735,0.878031384797348,0.7318950004994265,0.49722433956575335
238.0,0.0,0.0,186.0,0.0,1119.0,789.0,28,17.54,4164.1,227.1528,0.18948548648311947,0.12215435043930101,0.2681242617678065,0.877845649560699,0.7318757382321934,0.49717309018978284
439.0,177.0,0.0,186.0,11.1,884.9,707.9,7,56.1,7373.58,435.8465,0.6698642082969977,0.5990451722954346,0.7524512279393663,0.40095482770456536,0.24754877206063375,0.4970580040897986
228.0,342.1,0.0,185.7,0.0,955.8,674.3,7,21.92,4794.845,234.06281,0.24405132677214406,0.21587560791142957,0.2841607026355238,0.7841243920885704,0.7158392973644763,0.4970165857493337
350.0,0.0,0.0,203.0,0.0,974.0,775.0,90,31.35,4928.95,326.7279,0.36152983680079737,0.23580202704007858,0.4992136817609815,0.7641979729599214,0.5007863182390184,0.49701099120013364
170.3,155.5,0.0,185.7,0.0,1026.6,724.3,7,10.73,3879.555,173.24601,0.10464681699264981,0.07987432410947382,0.14301980458128194,0.9201256758905262,0.8569801954187181,0.496599876323636
202.0,11.0,141.0,206.0,1.7,942.0,801.0,7,15.07,4177.7,200.9778,0.15871433910551888,0.12417514981404176,0.207378497331503,0.8758248501859582,0.7926215026684971,0.4964687577663733
334.0,17.6,158.0,189.0,15.3,967.0,633.0,28,44.33,6846.65,345.50290000000007,0.5232340849632491,0.5207495976974772,0.5427858585438508,0.4792504023025228,0.45721414145614925,0.49573317842129255
255.0,0.0,0.0,192.0,0.0,889.8,945.0,28,18.75,4189.86,241.401,0.2045596113118226,0.12598198219616308,0.30119084441695027,0.8740180178038369,0.6988091555830498,0.495486599002633
229.7,0.0,118.2,195.2,6.1,1028.1,757.6,14,22.32,4921.93,233.46076,0.24903450853369877,0.23475893795105796,0.28276349203461154,0.765241062048942,0.7172365079653884,0.495136646770432
135.7,203.5,0.0,185.7,0.0,1076.2,759.3,7,7.51,3823.975,145.17381,0.06453220381213405,0.07161579254711359,0.07787110359145205,0.9283842074528864,0.9221288964085479,0.4948943778714256
108.3,162.4,0.0,203.5,0.0,938.2,849.0,3,2.33,3392.765,117.72645,0.0,0.0075430794307883575,0.014172503210996723,0.9924569205692116,0.9858274967890033,0.49457110433955376
218.9,0.0,124.1,158.5,11.3,1078.7,794.9,14,26.05,5562.115,234.25635000000003,0.2955026784601969,0.3298828679303596,0.2846098615753138,0.6701171320696404,0.7153901384246861,0.49412815685368006
332.5,142.5,0.0,228.0,0.0,932.0,594.0,7,30.28,4977.55,317.15440000000007,0.3481998255886384,0.24302341304099095,0.4769959329231231,0.756976586959009,0.523004067076877,0.4940950763032907
134.7,0.0,165.7,180.2,10.0,961.0,804.9,28,13.29,4643.459999999999,156.27045999999996,0.13653918026660022,0.1933815848713447,0.10362371054205771,0.8066184151286553,0.8963762894579423,0.49401826627994955
135.0,0.0,166.0,180.0,10.0,961.0,805.0,28,13.29,4646.7,156.549,0.13653918026660022,0.19386301060473898,0.10427013366435345,0.806136989395261,0.8957298663356466,0.493736304066027
139.6,209.4,0.0,192.0,0.0,1047.0,806.9,3,8.06,3887.7,148.9969,0.07138407873427184,0.08108457491147847,0.08674355916198834,0.9189154250885215,0.9132564408380117,0.4937350058487692
200.0,0.0,0.0,180.0,0.0,1125.0,845.0,28,12.25,3904.0,193.279,0.12358290768655787,0.08350656239738119,0.18951146805768393,0.9164934376026188,0.8104885319423161,0.49353694622951266
446.0,24.0,79.0,162.0,11.6,967.0,712.0,56,55.25,7293.5,437.9336,0.6592749470536938,0.5871462300947545,0.7572948758841613,0.41285376990524547,0.24270512411583867,0.49352719703211795
249.1,0.0,98.8,158.1,12.8,987.8,889.0,28,30.85,5933.215,263.31643,0.35530085959885394,0.38502394498670867,0.3520511901017754,0.6149760550132913,0.6479488098982247,0.493381646027306
500.0,0.0,0.0,200.0,0.0,1125.0,613.0,180,51.04,6223.0,462.125,0.6068269590133301,0.42808257342856837,0.813437190527309,0.5719174265714316,0.186562809472691,0.4930335385176957
281.0,0.0,0.0,185.0,0.0,1104.0,774.0,28,22.44,4496.55,265.6575,0.2505294630621652,0.17155249397846362,0.35748424021634645,0.8284475060215364,0.6425157597836535,0.4930055479823801
281.0,0.0,0.0,186.0,0.0,1104.0,774.0,28,22.44,4496.6,265.6578,0.2505294630621652,0.17155992338792958,0.3574849364428729,0.8284400766120704,0.6425150635571271,0.493003516573382
218.2,54.6,123.8,140.8,11.9,1075.7,792.7,3,27.42,5784.679999999999,237.54514000000003,0.31257007599352193,0.36295339828618367,0.2922423377021704,0.6370466017138163,0.7077576622978297,0.49248610399967246
277.0,0.0,0.0,191.0,0.0,968.0,856.0,14,21.26,4381.65,261.3813,0.23582907686557872,0.15447971102568925,0.34756022730774966,0.8455202889743108,0.6524397726922504,0.49240455384942966
387.0,20.0,94.0,157.0,14.3,938.0,845.0,28,50.24,7231.950000000001,390.5381000000001,0.5968605954902206,0.5780006270421589,0.6473015280965468,0.42199937295784107,0.35269847190345316,0.4921047589604339
157.0,236.0,0.0,192.0,0.0,935.4,781.2,3,9.69,3955.78,165.01880000000003,0.09169054441260745,0.09120045884032857,0.12392646511125333,0.9087995411596714,0.8760735348887467,0.4920635412184083
212.0,141.3,0.0,203.5,0.0,973.4,750.0,7,15.03,4154.155000000001,209.74585,0.15821602092936338,0.12067664089652175,0.22772699398348883,0.8793233591034783,0.7722730060165112,0.492007101744679
379.5,151.2,0.0,153.9,15.9,1134.3,605.0,28,52.2,7561.205,391.44997,0.6212781861218389,0.6269240313164466,0.6494177550389164,0.3730759686835534,0.3505822449610836,0.4915536464720787
397.0,0.0,0.0,186.0,0.0,1040.0,734.0,28,36.94,5365.8,369.3458,0.431169801918525,0.30071277754416403,0.5981193900387252,0.699287222455836,0.40188060996127484,0.4908768590635402
321.0,0.0,128.0,182.0,11.0,870.0,780.0,28,37.26,6137.6,323.9506,0.4351563473277688,0.4153931420607101,0.4927682486542407,0.5846068579392899,0.5072317513457594,0.4905378259851467
183.9,122.6,0.0,203.5,0.0,959.2,800.0,7,10.79,3892.165,183.61985,0.10539429425688303,0.0817480211767887,0.16709494654651225,0.9182519788232113,0.8329050534534878,0.4904864051976163
164.6,0.0,150.4,181.6,11.7,1023.3,728.9,28,18.03,5069.839999999999,186.08218,0.19558988414102405,0.25673661703325834,0.1728094114230907,0.7432633829667417,0.8271905885769093,0.4904084349564248
154.0,144.0,112.0,220.0,10.0,923.0,658.0,28,16.5,4941.6,178.65200000000002,0.1765292139030771,0.23768166763496634,0.1555657833810914,0.7623183323650337,0.8444342166189086,0.4899527441975241
389.9,189.0,0.0,145.9,22.0,944.7,755.8,7,59.09,8417.885,413.4783699999999,0.7071134919646195,0.754216561342405,0.7005402764260669,0.245783438657595,0.29945972357393313,0.4898675365401918
374.0,189.2,0.0,170.1,10.1,926.1,756.7,7,46.2,6835.124999999999,376.66973,0.5465304596985175,0.5190371188155736,0.6151164378525924,0.4809628811844264,0.3848835621474076,0.4897268406822173
153.6,144.2,112.3,220.1,10.1,923.2,657.9,28,16.5,4951.544999999999,178.49963000000005,0.1765292139030771,0.2391593771777455,0.15521216992828696,0.7608406228222545,0.8447878300717131,0.48967172017503047
446.0,24.0,79.0,162.0,10.3,967.0,712.0,28,53.39,7137.5,435.4896,0.6361031518624642,0.5639664725609619,0.7516229504483514,0.4360335274390381,0.24837704955164863,0.4891542201789038
230.0,0.0,118.3,195.5,4.6,1029.4,758.6,14,20.08,4747.255,230.92895,0.22112869066899213,0.20880429598172956,0.2768877810944978,0.7911957040182704,0.7231122189055021,0.4891413260654392
298.1,0.0,107.5,163.6,12.8,953.2,784.0,28,35.87,6220.870000000001,306.85118000000006,0.417839790706366,0.4277660805853186,0.45308468268222873,0.5722339194146814,0.5469153173177712,0.4887072045362962
350.0,0.0,0.0,203.0,0.0,974.0,775.0,56,29.98,4928.95,326.7279,0.34446243926747233,0.23580202704007858,0.4992136817609815,0.7641979729599214,0.5007863182390184,0.48847729243347116
165.0,0.0,150.0,182.0,12.0,1023.0,729.0,28,18.03,5108.2,186.9936,0.19558988414102405,0.2624364599755423,0.17492459402567084,0.7375635400244577,0.8250754059743292,0.48845467857020874
251.4,0.0,118.3,188.5,6.4,1028.4,757.7,14,24.43,5142.705,253.55835,0.2753207923259001,0.26756349544800073,0.3294050762897179,0.7324365045519993,0.6705949237102822,0.48841825322852045
375.0,93.8,0.0,126.6,23.4,852.1,992.6,28,56.7,8298.35,398.18738,0.6773389809393299,0.7364550721321363,0.6650536335783928,0.26354492786786365,0.33494636642160724,0.48829231404203266
298.0,0.0,107.0,164.0,13.0,953.0,784.0,28,35.86,6242.799999999999,307.1222,0.4177152111623272,0.43102461957708804,0.4537136537262602,0.568975380422912,0.5462863462737397,0.4876730372553265
321.4,0.0,127.9,182.5,11.5,870.1,779.7,28,37.27,6200.645,325.24735000000004,0.43528092687180775,0.4247608844563381,0.49577768781499626,0.5752391155436619,0.5042223121850038,0.4875058203680703
151.6,0.0,111.9,184.4,7.9,992.0,815.9,28,12.18,4475.919999999999,166.38412,0.1227108508782858,0.1684871196328087,0.1270950384484137,0.8315128803671913,0.8729049615515863,0.48745988591883727
374.3,0.0,0.0,190.2,6.7,1013.2,730.4,28,39.06,5941.3,361.28066,0.45758066525476526,0.3862252804973543,0.5794021753458576,0.6137747195026457,0.4205978246541424,0.48738346866657967
122.6,183.9,0.0,203.5,0.0,958.2,800.1,3,3.32,3553.9149999999995,131.62994999999998,0.01233337485984801,0.03148806613957478,0.04643912158120278,0.9685119338604252,0.9535608784187972,0.4866848904997296
152.0,0.0,112.0,184.0,8.0,992.0,816.0,28,12.18,4491.599999999999,166.93520000000004,0.1227108508782858,0.17081698244133348,0.1283739601624752,0.8291830175586665,0.8716260398375248,0.48655768978819075
158.8,238.2,0.0,185.7,0.0,1040.6,734.3,7,9.62,4056.705,167.35841000000005,0.09081848760433536,0.10619672184736717,0.1293561269233955,0.8938032781526328,0.8706438730766045,0.486521031609477
355.9,0.0,141.6,193.3,11.0,801.4,778.4,28,40.87,6378.094999999999,355.17439,0.48012956272580043,0.451127858651027,0.5652310181728122,0.548872141348973,0.4347689818271878,0.4859750621569404
374.0,0.0,0.0,190.0,7.0,1013.0,730.0,28,39.05,5974.1,361.571,0.4574560857107263,0.3910989731070236,0.5800759833781952,0.6089010268929764,0.4199240166218048,0.48593430373405844
356.0,0.0,142.0,193.0,11.0,801.0,778.0,28,40.87,6378.849999999999,355.26990000000006,0.48012956272580043,0.451240042733963,0.5654526734912959,0.548759957266037,0.4345473265087041,0.4858916023065855
250.2,166.8,0.0,203.5,0.0,977.6,694.1,7,19.35,4504.495,245.20595,0.21203438395415475,0.1727330271426044,0.3100212014901847,0.8272669728573956,0.6899787985098154,0.4853286348188801
387.0,20.0,94.0,157.0,11.6,938.0,845.0,28,46.68,6907.950000000001,385.4621000000001,0.5525102778123833,0.5298580537027433,0.635521375268326,0.4701419462972567,0.36447862473167403,0.4849102816634243
355.0,19.0,97.0,145.0,13.1,967.0,871.0,28,44.03,6879.15,359.8695,0.519496698642083,0.5255787138503507,0.5761272185954494,0.4744212861496493,0.42387278140455065,0.4843218662095915
190.3,0.0,125.2,166.6,9.9,1079.0,798.9,14,19.42,5157.98,205.93888,0.21290644076242682,0.26983318003985124,0.21889194898497605,0.7301668199601488,0.7811080510150239,0.4842719381250066
150.9,0.0,183.9,166.6,11.6,991.2,772.2,28,15.57,5012.419999999999,174.42388,0.1649433163074623,0.24820468320255074,0.14575335237714016,0.7517953167974493,0.8542466476228598,0.48398214925880845
145.4,0.0,178.9,201.7,7.8,824.0,868.7,28,10.54,4397.285,161.35031,0.10227980565591129,0.1568028873656948,0.1154127982773685,0.8431971126343052,0.8845872017226315,0.48308598141718984
397.0,17.2,158.0,167.0,20.8,967.0,633.0,28,55.65,8039.849999999999,412.5155,0.6642581288152486,0.6980450251931272,0.6983056909741936,0.30195497480687283,0.3016943090258064,0.4830413853657941
475.0,118.8,0.0,181.1,8.9,852.1,781.5,7,55.6,7274.975,461.18823,0.6636352310950543,0.5843936338876168,0.8112631767832403,0.4156063661123832,0.18873682321675966,0.48290341287981287
145.0,0.0,179.0,202.0,8.0,824.0,869.0,28,10.54,4418.4,161.3706,0.10227980565591129,0.1599403269831693,0.11545988639811011,0.8400596730168307,0.8845401136018899,0.48228984948263576
296.0,0.0,106.7,221.4,10.5,819.2,778.4,28,31.42,5761.91,299.53292000000005,0.36240189360906944,0.3595700452153858,0.43610079354971204,0.6404299547846142,0.5638992064502879,0.4822832371132602
151.0,0.0,184.0,167.0,12.0,991.0,772.0,28,15.57,5061.05,175.2661,0.1649433163074623,0.2554305268491428,0.1477079387276098,0.7445694731508572,0.8522920612723902,0.481687041759543
181.9,272.8,0.0,185.7,0.0,1012.4,714.3,7,12.37,4303.015,189.62201,0.1250778622150243,0.14279547875857534,0.18102448990731457,0.8572045212414247,0.8189755100926854,0.4815839389410397
322.0,0.0,0.0,203.0,0.0,974.0,800.0,28,25.18,4715.95,301.6529,0.2846642581288153,0.20415274271509243,0.4410207479218103,0.7958472572849076,0.5589792520781898,0.481038756405182
145.0,0.0,134.0,181.0,11.0,979.0,812.0,28,13.2,4816.35,166.7443,0.1354179643702504,0.21907099692273857,0.12793092801611833,0.7809290030772614,0.8720690719838817,0.480958500950411
167.0,75.4,167.0,164.0,7.9,1007.3,770.1,3,15.52,4914.76,185.53990000000005,0.16432041858726795,0.23369356063363944,0.17155091235380648,0.7663064393663606,0.8284490876461935,0.48084909104677254
144.8,0.0,133.6,180.8,11.1,979.5,811.5,28,13.2,4825.94,166.74294000000003,0.1354179643702504,0.22049595765830943,0.12792777178919829,0.7795040423416906,0.8720722282108018,0.48060304982324825
387.0,20.0,94.0,157.0,13.9,938.0,845.0,56,47.97,7183.950000000001,389.7861000000001,0.5685810389933973,0.570868393954838,0.6455563202701438,0.429131606045162,0.35444367972985624,0.4801843409404532
249.1,0.0,98.8,158.1,12.8,987.8,889.0,14,28.68,5933.215,263.31643,0.32826709854241937,0.38502394498670867,0.3520511901017754,0.6149760550132913,0.6479488098982247,0.4798647654990887
153.0,102.0,0.0,192.0,0.0,888.0,943.1,3,4.78,3624.8,154.88110000000003,0.030521988289522867,0.0420207399394652,0.10039934625257468,0.9579792600605348,0.8996006537474253,0.47965597259675147
296.0,0.0,107.0,221.0,11.0,819.0,778.0,28,31.42,5821.85,300.47730000000007,0.36240189360906944,0.3684764212831778,0.43829246824000273,0.6315235787168222,0.5617075317599973,0.4795087244237396
155.0,0.0,143.0,193.0,9.0,1047.0,697.0,28,12.46,4646.55,172.1999,0.12619907811137412,0.1938407223763412,0.1405920394758584,0.8061592776236588,0.8594079605241416,0.47949134859263715
339.0,0.0,0.0,197.0,0.0,968.0,781.0,14,27.04,4833.95,316.8081,0.3078360533200449,0.22168614905475614,0.476192255436044,0.7783138509452439,0.523807744563956,0.47944842553732236
154.8,0.0,142.8,193.3,9.1,1047.4,696.7,28,12.46,4656.645,172.20429,0.12619907811137412,0.19534072014751835,0.14060222759069602,0.8046592798524816,0.859397772409304,0.47911380212113347
298.0,0.0,107.0,210.0,11.0,880.0,744.0,28,31.87,5877.5,302.59200000000004,0.36800797309081856,0.3767453540187904,0.4432001690252348,0.6232546459812096,0.5567998309747653,0.479017605784403
166.1,0.0,163.3,176.5,4.5,1058.6,780.1,3,10.76,4337.695,174.78135,0.1050205556247664,0.14794851716416457,0.14658295269855548,0.8520514828358354,0.8534170473014445,0.47887741034670317
200.0,133.0,0.0,192.0,0.0,965.4,806.2,3,11.41,4073.28,198.7278,0.11311822598729289,0.10865957108533275,0.20215679838282363,0.8913404289146672,0.7978432016171764,0.47885502062660734
298.2,0.0,107.0,209.7,11.1,879.6,744.2,28,31.88,5890.905,302.95771,0.3681325526348574,0.37873717869661394,0.44404889236857764,0.6212628213033861,0.5559511076314223,0.4783697585511308
148.0,0.0,137.0,158.0,16.0,1002.0,830.0,28,17.95,5492.3,179.19240000000002,0.1945932477887131,0.3195091834930408,0.1568199194308098,0.6804908165069592,0.8431800805691902,0.4782143481633939
376.0,0.0,0.0,214.6,0.0,1003.5,762.4,28,31.97,5173.33,350.3043800000001,0.3692537685312072,0.27211400874590075,0.5539289176852309,0.7278859912540993,0.4460710823147691,0.4781161526578207
212.0,0.0,124.8,159.0,7.8,1085.4,799.5,3,19.52,5097.53,221.562,0.21415223620281548,0.2608510239955065,0.25514938422012795,0.7391489760044935,0.744850615779872,0.4780760160474991
141.3,212.0,0.0,203.5,0.0,971.8,748.5,3,4.83,3761.885,149.77195,0.031144886009717206,0.062389951872285465,0.08854226039317675,0.9376100481277145,0.9114577396068233,0.47783938993849306
305.3,203.5,0.0,203.5,0.0,965.4,631.0,7,25.89,5005.205,296.29125000000005,0.293509405755575,0.2471326194166129,0.4285776714026163,0.7528673805833871,0.5714223285973836,0.4778271301729802
148.1,0.0,136.6,158.1,16.1,1001.8,830.1,28,17.96,5504.215,179.45852999999997,0.19471782733275197,0.32127961176877884,0.15743754198245946,0.6787203882312212,0.8425624580175406,0.47767962522856644
192.0,288.0,0.0,192.0,0.0,929.8,716.1,3,12.79,4337.46,198.8525,0.13031020306465677,0.1479135989396746,0.2024461965423348,0.8520864010603254,0.7975538034576652,0.47756515266182603
288.0,192.0,0.0,192.0,0.0,932.0,717.8,7,23.52,4869.8,280.2866,0.26398405381836304,0.22701303564184894,0.39143479847862445,0.7729869643581511,0.6085652015213756,0.4773800683790632
380.0,95.0,0.0,228.0,0.0,932.0,594.0,7,32.82,5238.8,357.43440000000004,0.37984302977451107,0.28184207750062773,0.5704759478799255,0.7181579224993723,0.4295240521200745,0.4768420085421172
296.0,0.0,0.0,192.0,0.0,1085.0,765.0,28,21.65,4592.6,278.9626,0.24068767908309455,0.1858243895625712,0.3883621187417126,0.8141756104374288,0.6116378812582874,0.47679721246547635
302.0,0.0,0.0,203.0,0.0,974.0,817.0,28,21.75,4562.95,283.7379,0.24193347452348327,0.1814187497492573,0.399444420514881,0.8185812502507427,0.600555579485119,0.47575094469570706
203.5,135.7,0.0,185.7,0.0,1076.2,759.3,7,11.96,4196.875,202.66821,0.11997010090943068,0.12702432834423716,0.21130152494031945,0.8729756716557628,0.7886984750596806,0.4754035871335762
173.0,116.0,0.0,192.0,0.0,946.8,856.8,3,6.94,3821.06,173.64800000000002,0.057431169801918536,0.07118265797524814,0.1439527249192285,0.9288173420247519,0.8560472750807715,0.4749317391773401
167.4,129.9,128.6,175.5,7.8,1006.3,746.6,3,14.94,4968.735000000001,187.38705,0.15709480503301357,0.24171360815214238,0.17583769511516328,0.7582863918478576,0.8241623048848368,0.4741595766996804
446.0,24.0,79.0,162.0,11.6,967.0,712.0,7,52.01,7293.5,437.9336,0.6189111747851003,0.5871462300947545,0.7572948758841613,0.41285376990524547,0.24270512411583867,0.47334531089782117
528.0,0.0,0.0,185.0,6.9,920.0,720.0,28,56.83,7149.25,499.1875,0.6789585150118351,0.5657123837854623,0.8994501759875,0.4342876162145377,0.10054982401250001,0.473188617562677
236.0,0.0,0.0,194.0,0.0,968.0,885.0,14,12.84,4062.3,224.6272,0.13093310078485113,0.10702807276660808,0.262262962716791,0.8929719272333919,0.737737037283209,0.4731437915215758
427.5,47.5,0.0,228.0,0.0,932.0,594.0,28,37.43,5500.05,397.71440000000007,0.4372741995764296,0.3206607419602645,0.663955962836728,0.6793392580397355,0.336044037163272,0.47248292358896665
387.0,20.0,94.0,157.0,13.9,938.0,845.0,28,46.68,7183.950000000001,389.7861000000001,0.5525102778123833,0.570868393954838,0.6455563202701438,0.429131606045162,0.35444367972985624,0.4721489603499462
350.0,0.0,0.0,203.0,0.0,974.0,775.0,28,27.34,4928.95,326.7279,0.3115734396412109,0.23580202704007858,0.4992136817609815,0.7641979729599214,0.5007863182390184,0.4720327926203404
475.0,0.0,0.0,228.0,0.0,932.0,594.0,180,42.62,5761.3,437.9944,0.5019309829326025,0.35947940641990117,0.75743597779353,0.6405205935800988,0.24256402220647,0.47173664541294347
522.0,0.0,0.0,146.0,0.0,896.0,896.0,7,50.51,6415.5,481.4918,0.60022424317927,0.45668579987251123,0.8583827901714352,0.5433142001274888,0.14161720982856485,0.4713449740786484
480.0,0.0,0.0,192.0,0.0,936.2,712.2,28,43.94,5925.24,443.1082,0.5183754827457332,0.3838389541768882,0.7693038551640887,0.6161610458231118,0.23069614483591128,0.4709020390376224
238.1,0.0,94.1,186.7,7.0,949.9,847.0,3,19.93,5048.264999999999,241.88091,0.2192599975084091,0.253530826848697,0.30230459799137727,0.746469173151303,0.6976954020086228,0.470671142544186
148.0,0.0,182.0,181.0,15.0,839.0,884.0,28,15.52,5321.85,177.50029999999998,0.16432041858726795,0.294182326623586,0.152892969745894,0.705817673376414,0.8471070302541059,0.47039138520126395
148.1,0.0,182.1,181.4,15.0,838.9,884.3,28,15.53,5323.1,177.59381999999997,0.16444499813130684,0.2943680618602349,0.15311000676175196,0.7056319381397651,0.8468899932382481,0.47035298191015673
480.0,0.0,0.0,192.0,0.0,936.0,721.0,28,43.89,5933.8,443.1506,0.5177525850255389,0.3851108690774604,0.7694022551798325,0.6148891309225396,0.23059774482016748,0.47024801144844625
277.2,97.8,24.5,160.7,11.2,1061.7,782.5,3,30.45,6107.174999999999,288.73741,0.35031767783729917,0.4108723464006737,0.4110470587863974,0.5891276535993263,0.5889529412136025,0.46967898762188176
540.0,0.0,0.0,173.0,0.0,1125.0,613.0,7,52.61,6561.65,498.1169,0.6263859474274325,0.4784019637415099,0.8969655755899639,0.5215980362584901,0.10303442441003607,0.46935108888084776
475.0,0.0,0.0,228.0,0.0,932.0,594.0,90,42.23,5761.3,437.9944,0.49707238071508664,0.35947940641990117,0.75743597779353,0.6405205935800988,0.24256402220647,0.4693073443041855
500.0,0.0,0.0,200.0,0.0,1125.0,613.0,90,47.22,6223.0,462.125,0.5592375731904822,0.42808257342856837,0.813437190527309,0.5719174265714316,0.186562809472691,0.4692388456062717
238.2,158.8,0.0,185.7,0.0,1040.6,734.3,7,15.69,4493.405,234.68961,0.16643827083592874,0.17108518412305473,0.28561535192487136,0.8289148158769453,0.7143846480751286,0.46904400140598285
213.8,98.1,24.5,181.7,6.7,1066.0,785.5,14,17.84,5038.385,223.28871,0.19322287280428554,0.25206277553822354,0.2591566552386498,0.7479372244617765,0.7408433447613503,0.46880657870792447
213.7,98.1,24.5,181.7,6.9,1065.8,785.4,3,18.0,5061.195,223.57261,0.19521614550890745,0.25545207213659404,0.2598155176082187,0.744547927863406,0.7401844823917814,0.46879117531825054
475.0,0.0,0.0,228.0,0.0,932.0,594.0,270,42.13,5761.3,437.9944,0.4958265852746979,0.35947940641990117,0.75743597779353,0.6405205935800988,0.24256402220647,0.46868444658399117
385.0,0.0,0.0,186.0,0.0,966.0,763.0,28,31.35,5204.0,358.0988,0.36152983680079737,0.2766712085123201,0.5720178575605932,0.7233287914876799,0.4279821424394068,0.46859265188217036
251.4,0.0,118.3,192.9,5.8,1043.6,754.3,14,20.73,5085.765,252.53627000000003,0.22922636103151864,0.2591028839481665,0.32703307892906636,0.7408971160518335,0.6729669210709337,0.46807918979645113
220.8,147.2,0.0,185.7,0.0,1055.0,744.3,7,13.09,4337.985,218.59161000000003,0.13404758938582284,0.14799160773906717,0.24825583651338673,0.8520083922609328,0.7517441634866133,0.46796193362979793
190.7,0.0,125.4,162.1,7.8,1090.0,804.0,3,15.04,4927.855,202.46843,0.15834060047340226,0.235639322972774,0.21083788448877855,0.764360677027226,0.7891621155112214,0.467550998371313
284.0,15.0,141.0,179.0,5.5,842.0,801.0,7,24.13,5221.349999999999,281.3217,0.271583406004734,0.27924921359700783,0.39383701207052585,0.7207507864029922,0.6061629879294741,0.4675201465854836
475.0,0.0,0.0,228.0,0.0,932.0,594.0,365,41.93,5761.3,437.9944,0.4933349943939206,0.35947940641990117,0.75743597779353,0.6405205935800988,0.24256402220647,0.4674386511436025
304.8,0.0,99.6,196.0,9.8,959.4,705.2,28,30.12,5832.28,306.69320000000005,0.34620655288401647,0.37002619609777687,0.45271804979337876,0.6299738039022231,0.5472819502066213,0.46741721496921934
387.0,20.0,94.0,157.0,13.9,938.0,845.0,7,45.9,7183.950000000001,389.7861000000001,0.5427930733773515,0.570868393954838,0.6455563202701438,0.429131606045162,0.35444367972985624,0.4672903581324303
446.0,24.0,79.0,162.0,11.6,967.0,712.0,28,51.02,7293.5,437.9336,0.6065777999252524,0.5871462300947545,0.7572948758841613,0.41285376990524547,0.24270512411583867,0.46717862346789724
225.0,0.0,0.0,181.0,0.0,1113.0,833.0,7,11.17,4090.15,215.6233,0.11012831693036006,0.11116625383914736,0.2413671159772291,0.8888337461608526,0.758632884022771,0.46693081601108594
164.2,0.0,200.1,181.2,12.6,849.3,846.0,28,15.09,5182.12,187.94946,0.15896349819359662,0.2734200989300164,0.17714291098437518,0.7265799010699836,0.8228570890156248,0.4668409966182004
397.0,0.0,0.0,185.7,0.0,1040.6,734.3,28,33.08,5366.804999999999,369.35201,0.38308209791952164,0.30086210867442975,0.5981338019278235,0.6991378913255702,0.4018661980721765,0.46679207130919753
181.4,0.0,167.0,169.6,7.6,1055.6,777.8,3,13.62,4840.9,194.44168,0.1406503052198829,0.22271883697052441,0.19220976358375086,0.7772811630294756,0.8077902364162491,0.4665930024713726
186.2,124.1,0.0,185.7,0.0,1083.4,764.3,7,8.0,4028.665,186.57761,0.07063660147003863,0.10203030901885723,0.17395918311648817,0.8979696909811428,0.8260408168835118,0.46632092770118294
305.0,0.0,100.0,196.0,10.0,959.0,705.0,28,30.12,5858.1,307.2558,0.34620655288401647,0.3738627431459982,0.45402370660605734,0.6261372568540018,0.5459762933939427,0.46613166400399436
200.0,0.0,0.0,180.0,0.0,1125.0,845.0,7,7.84,3904.0,193.279,0.06864332876541672,0.08350656239738119,0.18951146805768393,0.9164934376026188,0.8104885319423161,0.46606715676894206
173.8,93.4,159.9,172.3,9.7,1007.2,746.6,3,15.82,5205.155000000001,195.67239,0.16805780490843403,0.2768428278709839,0.19506594007847494,0.7231571721290161,0.8049340599215251,0.4660517104668523
166.8,250.2,0.0,203.5,0.0,975.6,692.6,3,6.9,4041.895,174.45925,0.05693285162576306,0.10399613076355008,0.14583543748461336,0.8960038692364499,0.8541645625153866,0.46600853375084067
164.0,0.0,200.0,181.0,13.0,849.0,846.0,28,15.09,5227.85,188.5163,0.15896349819359662,0.28021503682758264,0.17845840779862826,0.7197849631724174,0.8215415922013718,0.4648133879402456
198.6,132.4,0.0,192.0,0.0,978.4,825.5,3,9.13,4094.48,197.63710000000003,0.08471408994643082,0.11180964069889932,0.19962555080801275,0.8881903593011007,0.8003744491919873,0.4644982470964874
272.8,181.9,0.0,185.7,0.0,1012.4,714.3,7,19.77,4802.965,266.70521,0.21726672480378723,0.2170821440087013,0.3599157185299113,0.7829178559912987,0.6400842814700887,0.46438389676724046
155.0,0.0,143.0,193.0,9.0,877.0,868.0,28,9.74,4613.55,171.69489999999996,0.0923134421328018,0.18893731212880804,0.1394200581562658,0.811062687871192,0.8605799418437342,0.46406737849513247
202.0,11.0,141.0,206.0,1.7,942.0,801.0,3,9.85,4177.7,200.9778,0.09368381711722935,0.12417514981404176,0.207378497331503,0.8758248501859582,0.7926215026684971,0.4639534967722285
154.8,0.0,142.8,193.3,9.1,877.2,867.7,28,9.74,4623.405,171.69769000000002,0.0923134421328018,0.19040164873454857,0.13942653306296232,0.8095983512654514,0.8605734669370377,0.4636996756170232
255.5,170.3,0.0,185.7,0.0,1026.6,724.3,7,17.24,4648.155,250.69561,0.1857481001619534,0.19407920642019838,0.3227613578682324,0.8059207935798016,0.6772386421317675,0.463663909008869
238.0,0.0,0.0,186.0,0.0,1119.0,789.0,7,12.05,4164.1,227.1528,0.12109131680578052,0.12215435043930101,0.2681242617678065,0.877845649560699,0.7318757382321934,0.4629760053511134
290.2,193.5,0.0,185.7,0.0,998.2,704.3,7,21.86,4958.625,282.80481,0.2433038495079108,0.24021138155812538,0.3972789471495372,0.7597886184418746,0.6027210528504627,0.46227934257703973
252.0,0.0,0.0,185.0,0.0,1111.0,784.0,7,13.71,4268.45,239.6635,0.14177152111623273,0.13765952799475778,0.2971585324510256,0.8623404720052422,0.7028414675489745,0.46218124544667055
333.0,0.0,0.0,192.0,0.0,931.2,842.6,7,23.4,4800.14,311.4202,0.2624890992898966,0.21666238237387458,0.463688259095782,0.7833376176261254,0.536311740904218,0.4611568892775342
236.0,157.0,0.0,192.0,0.0,972.6,749.1,3,13.57,4402.82,232.1479,0.14002740749968856,0.15762532299357646,0.2797166655093835,0.8423746770064235,0.7202833344906165,0.4606782066241043
379.5,151.2,0.0,153.9,15.9,1134.3,605.0,7,47.1,7561.205,391.44997,0.5577426186620158,0.6269240313164466,0.6494177550389164,0.3730759686835534,0.3505822449610836,0.45978586274216715
322.0,0.0,116.0,196.0,10.0,818.0,813.0,28,31.18,5973.4,322.3998,0.3594119845521366,0.39099496137449996,0.48916922166330207,0.6090050386255,0.5108307783366979,0.45966494651661777
359.0,19.0,141.0,154.0,10.9,942.0,801.0,7,38.61,6637.599999999999,359.97420000000005,0.4519745857730161,0.4896872367203018,0.5763702016531949,0.5103127632796982,0.42362979834680514,0.4594729332931339
296.0,0.0,0.0,186.0,0.0,1090.0,769.0,7,18.91,4602.3,279.02080000000007,0.2065528840164445,0.18726569499896728,0.388497186687852,0.8127343050010327,0.6115028133121481,0.4593357215865175
427.5,47.5,0.0,228.0,0.0,932.0,594.0,7,35.08,5500.05,397.71440000000007,0.4079980067272954,0.3206607419602645,0.663955962836728,0.6793392580397355,0.336044037163272,0.4578448271643996
322.2,0.0,115.6,196.0,10.4,817.9,813.4,28,31.18,6022.579999999999,323.32220000000007,0.3594119845521366,0.3983025285252174,0.4913098861567518,0.6016974714747826,0.5086901138432482,0.457302888605576
250.0,0.0,0.0,182.0,0.0,1100.0,820.0,7,12.73,4274.1,237.9546,0.12956272580042358,0.1384990512644112,0.2931925940806264,0.8615009487355888,0.7068074059193736,0.4568584515639524
316.1,210.7,0.0,185.7,0.0,977.0,689.3,7,24.44,5189.935,306.76460999999995,0.275445371869939,0.2745813156295458,0.4528837749142341,0.7254186843704542,0.547116225085766,0.45585641329902454
525.0,0.0,0.0,189.0,0.0,1125.0,613.0,14,48.4,6434.95,484.6217,0.5739379593870687,0.45957584015476927,0.8656465215223115,0.5404241598452307,0.13435347847768853,0.4556633892742642
236.0,0.0,0.0,193.0,0.0,968.0,885.0,7,9.99,4062.25,224.6269,0.09542793073377352,0.10702064335714212,0.2622622664902646,0.8929793566428579,0.7377377335097355,0.4553932379050351
143.6,0.0,174.9,158.4,17.9,942.7,844.5,28,15.42,5702.06,179.42591999999996,0.1630746231468793,0.3506770420846328,0.15736186215902992,0.6493229579153672,0.8426381378409701,0.4545275855125239
183.9,122.6,0.0,203.5,0.0,959.2,800.0,3,4.9,3892.165,183.61985,0.032016942817989294,0.0817480211767887,0.16709494654651225,0.9182519788232113,0.8329050534534878,0.45379772947816943
387.0,20.0,94.0,157.0,11.6,938.0,845.0,7,41.67,6907.950000000001,385.4621000000001,0.49009592624890996,0.5298580537027433,0.635521375268326,0.4701419462972567,0.36447862473167403,0.45370310588168766
144.0,0.0,175.0,158.0,18.0,943.0,844.0,28,15.42,5717.5,179.9764,0.1630746231468793,0.35297124372772093,0.15863939142003852,0.6470287562722791,0.8413606085799614,0.4536346527864998
322.0,0.0,0.0,203.0,0.0,974.0,800.0,14,20.77,4715.95,301.6529,0.22972467920767412,0.20415274271509243,0.4410207479218103,0.7958472572849076,0.5589792520781898,0.4535689669446114
337.9,189.0,0.0,174.9,9.5,944.7,755.8,7,35.1,6477.335,343.18707,0.4082471658153732,0.4658737505590629,0.5374113842877084,0.5341262494409371,0.4625886157122916,0.45330229919599374
214.9,53.8,121.9,155.6,9.6,1014.3,780.6,3,18.02,5389.390000000001,229.61098,0.19546530459698516,0.3042179729302038,0.27382909551076856,0.6957820270697962,0.7261709044892315,0.4532208851882495
302.0,0.0,0.0,203.0,0.0,974.0,817.0,14,18.13,4562.95,283.7379,0.1968356795814127,0.1814187497492573,0.399444420514881,0.8185812502507427,0.600555579485119,0.4532020472246718
238.1,0.0,0.0,185.7,0.0,1118.8,789.3,7,10.34,4164.995,227.24261,0.09978821477513393,0.1222873368687416,0.26833268878228683,0.8777126631312584,0.7316673112177132,0.45223910097480985
520.0,0.0,0.0,175.0,5.2,870.0,805.0,28,51.02,6901.75,488.8135,0.6065777999252524,0.5289368069289644,0.8753746627014556,0.4710631930710356,0.12462533729854441,0.4522110325550212
194.7,0.0,100.5,165.6,7.5,1006.4,905.9,3,12.45,4877.81,204.67388,0.12607449856733524,0.22820322703829565,0.21595619379827402,0.7717967729617043,0.784043806201726,0.4519973940745252
475.0,0.0,0.0,228.0,0.0,932.0,594.0,28,39.29,5761.3,437.9944,0.4604459947676592,0.35947940641990117,0.75743597779353,0.6405205935800988,0.24256402220647,0.45099415133047177
194.7,0.0,100.5,170.2,7.5,998.0,901.8,3,12.18,4863.86,204.58756,0.1227108508782858,0.22613042179729292,0.2157558662190518,0.7738695782027071,0.7842441337809483,0.4508838534350567
469.0,117.2,0.0,137.8,32.2,852.1,840.5,91,70.7,10072.010000000002,499.79104,0.8517503425937462,1.0,0.9008508445134937,0.0,0.09914915548650627,0.45066246016849965
246.8,0.0,125.1,143.3,12.0,1086.8,800.9,3,23.52,5900.224999999999,260.79959,0.26398405381836304,0.3801220206210687,0.34621022086533354,0.6198779793789313,0.6537897791346665,0.45040896653758095
500.0,0.0,0.0,200.0,0.0,1125.0,613.0,28,44.09,6223.0,462.125,0.5202441759063162,0.42808257342856837,0.813437190527309,0.5719174265714316,0.186562809472691,0.4497421469641888
213.7,0.0,174.7,154.8,10.2,1053.5,776.4,3,17.57,5438.19,228.57934,0.1898592251152361,0.3114690765689797,0.27143491173147266,0.6885309234310203,0.7285650882685273,0.4492036154825049
150.7,0.0,185.3,166.7,15.6,1074.5,678.0,28,13.46,5499.285,181.99711,0.13865703251526101,0.3205470719954352,0.1633289644345211,0.6794529280045648,0.836671035565479,0.44835950715014145
252.0,0.0,0.0,186.0,0.0,1111.0,784.0,7,11.47,4268.5,239.6638,0.1138657032515261,0.13766695740422374,0.2971592286775521,0.8623330425957763,0.7028407713224478,0.4482263051053191
212.1,0.0,121.6,180.3,5.7,1057.6,779.3,3,12.47,4787.485,217.30059,0.12632365765541298,0.21478199883804028,0.2452596952792871,0.7852180011619597,0.7547403047207129,0.44815140529837466
252.5,0.0,0.0,185.7,0.0,1111.6,784.3,7,11.48,4273.755,240.12001,0.11399028279556499,0.138447788339096,0.2982179803563863,0.861552211660904,0.7017820196436138,0.44782869922391194
385.0,0.0,0.0,186.0,0.0,966.0,763.0,14,27.92,5204.0,358.0988,0.31879905319546537,0.2766712085123201,0.5720178575605932,0.7233287914876799,0.4279821424394068,0.44722726007950436
203.5,305.3,0.0,203.5,0.0,963.4,630.0,3,9.56,4441.905000000001,209.94385,0.09007101034010218,0.16343289237311687,0.22818650349097264,0.8365671076268831,0.7718134965090273,0.4471306562040287
251.4,0.0,118.3,188.5,5.8,1028.4,757.7,3,17.22,5070.705,252.43035,0.18549894107387566,0.25686514581701947,0.32678726455011337,0.7431348541829805,0.6732127354498867,0.44683636794515463
475.0,0.0,0.0,228.0,0.0,932.0,594.0,7,38.6,5761.3,437.9944,0.45185000622897725,0.35947940641990117,0.75743597779353,0.6405205935800988,0.24256402220647,0.4466961570611308
400.0,0.0,0.0,187.0,0.0,1025.0,745.0,7,30.14,5384.35,371.9811,0.34645571197209424,0.30346908845603493,0.6042352759229273,0.6965309115439651,0.39576472407707275,0.4463017648913066
275.0,0.0,0.0,183.0,0.0,1088.0,808.0,7,14.2,4460.25,260.2989,0.14787591877413728,0.16615874270617714,0.34504824200017165,0.8338412572938229,0.6549517579998283,0.4461362132104814
168.0,42.1,163.8,121.8,5.7,1058.7,780.1,3,7.75,4622.53,180.93444,0.06752211286906691,0.19027163406889425,0.16086276762483526,0.8097283659311058,0.8391372323751647,0.44597745601110106
151.0,0.0,185.0,167.0,16.0,1074.0,678.0,28,13.46,5548.65,183.0071,0.13865703251526101,0.3278821279611768,0.16567290386615519,0.6721178720388232,0.8343270961338448,0.4459397583007975
231.8,0.0,121.6,174.0,6.7,1056.4,778.5,3,15.44,5072.38,236.8951,0.163323782234957,0.2571140310341291,0.2907337540645705,0.7428859689658709,0.7092662459354295,0.4446999448428036
222.4,0.0,96.7,189.3,4.5,967.1,870.3,3,11.58,4664.085,223.37599,0.11523607823595368,0.19644621627605297,0.25935921074275675,0.803553783723947,0.7406407892572433,0.44366668236327444
281.0,0.0,0.0,186.0,0.0,1104.0,774.0,7,14.5,4496.6,265.6578,0.15161330509530335,0.17155992338792958,0.3574849364428729,0.8284400766120704,0.6425150635571271,0.443545437589951
158.0,0.0,195.0,220.0,11.0,898.0,713.0,28,8.54,4854.6,178.96,0.07736389684813753,0.22475449516419732,0.15628057594828837,0.7752455048358027,0.8437194240517116,0.4434231806459473
158.4,0.0,194.9,219.7,11.0,897.7,712.9,28,8.54,4857.325,179.31431000000003,0.07736389684813753,0.2251593979800921,0.15710284268362473,0.7748406020199079,0.8428971573163753,0.4431163882581396
275.1,0.0,121.4,159.5,9.9,1053.6,777.5,3,23.8,5818.945000000001,281.84395000000006,0.2674722810514514,0.36804477259320567,0.3950490264153916,0.6319552274067943,0.6049509735846084,0.44296269077357636
255.0,0.0,0.0,192.0,0.0,889.8,945.0,7,10.22,4189.86,241.401,0.09829326024666753,0.12598198219616308,0.30119084441695027,0.8740180178038369,0.6988091555830498,0.44235342347005546
350.0,0.0,0.0,203.0,0.0,974.0,775.0,14,22.53,4928.95,326.7279,0.25165067895851506,0.23580202704007858,0.4992136817609815,0.7641979729599214,0.5007863182390184,0.4420714122789925
289.0,0.0,0.0,192.0,0.0,913.2,895.3,7,14.6,4457.24,271.9397,0.15285910053569204,0.16571149225632642,0.37206368783207694,0.8342885077436736,0.6279363121679231,0.4419857552457452
469.0,117.2,0.0,137.8,32.2,852.1,840.5,56,69.3,10072.010000000002,499.79104,0.8343092064283045,1.0,0.9008508445134937,0.0,0.09914915548650627,0.44194189208577883
312.7,0.0,0.0,178.1,8.0,999.7,822.2,28,25.1,5648.695,308.63203,0.28366762177650434,0.3427476333616145,0.457217599381231,0.6572523666383855,0.5427824006187689,0.4418425027025408
359.0,19.0,141.0,154.0,10.9,942.0,801.0,7,35.75,6637.599999999999,359.97420000000005,0.41634483617789964,0.4896872367203018,0.5763702016531949,0.5103127632796982,0.42362979834680514,0.44165805849557566
339.0,0.0,0.0,197.0,0.0,968.0,781.0,7,20.97,4833.95,316.8081,0.23221627008845144,0.22168614905475614,0.476192255436044,0.7783138509452439,0.523807744563956,0.4416385339215257
313.0,0.0,0.0,178.0,8.0,1000.0,822.0,28,25.1,5651.4,308.90340000000003,0.28366762177650434,0.3431495644137229,0.45784738268954367,0.6568504355862771,0.5421526173104563,0.4415845741124355
190.3,0.0,125.2,166.6,9.9,1079.0,798.9,3,12.55,5157.98,205.93888,0.12732029400772393,0.26983318003985124,0.21889194898497605,0.7301668199601488,0.7811080510150239,0.44147886474765513
212.0,141.3,0.0,203.5,0.0,973.4,750.0,3,6.81,4154.155000000001,209.74585,0.055811635729413236,0.12067664089652175,0.22772699398348883,0.8793233591034783,0.7722730060165112,0.44080490914470394
375.0,0.0,0.0,186.0,0.0,1038.0,758.0,7,26.06,5200.4,349.6498,0.2956272580042357,0.276136291030771,0.5524097978195301,0.723863708969229,0.44759020218046985,0.4406771067895426
425.0,106.3,0.0,153.5,16.5,852.1,887.1,7,49.2,7828.6950000000015,430.34595,0.5839043229101782,0.6666698860774354,0.7396857985384071,0.3333301139225646,0.2603142014615929,0.4403632403011285
213.5,0.0,174.2,154.6,11.7,1052.3,775.5,3,17.37,5613.14,231.19168,0.1873676342344587,0.33746458029037096,0.27749751307884735,0.662535419709629,0.7225024869211527,0.4399432937749248
213.8,98.1,24.5,181.7,6.7,1066.0,785.5,3,13.18,5038.385,223.28871,0.13516880528217265,0.25206277553822354,0.2591566552386498,0.7479372244617765,0.7408433447613503,0.439779544946868
393.0,0.0,0.0,192.0,0.0,940.6,785.6,7,27.74,5264.42,365.2104,0.3165566214027657,0.2856489069109852,0.5885221394465612,0.7143510930890148,0.4114778605534388,0.43973554911199625
229.7,0.0,118.2,195.2,6.1,1028.1,757.6,3,13.36,4921.93,233.46076,0.1374112370748723,0.23475893795105796,0.28276349203461154,0.765241062048942,0.7172365079653884,0.4393250110410188
339.0,0.0,0.0,185.0,0.0,1069.0,754.0,7,21.16,4927.55,317.4775,0.23458328142519,0.2355940035750318,0.4777457688921533,0.7644059964249682,0.5222542311078466,0.4389566975957987
339.2,0.0,0.0,185.7,0.0,1069.2,754.3,7,21.18,4929.825,317.66081,0.2348324405132677,0.2359320417057329,0.47817118650738993,0.7640679582942671,0.5218288134926101,0.43889041320335315
310.0,0.0,0.0,192.0,0.0,1012.0,830.0,7,17.24,4689.0,291.3036,0.1857481001619534,0.20014829101294052,0.41700255728644703,0.7998517089870595,0.5829974427135529,0.4385863380061298
376.0,0.0,0.0,214.6,0.0,1003.5,762.4,14,25.62,5173.33,350.3043800000001,0.29014575806652554,0.27211400874590075,0.5539289176852309,0.7278859912540993,0.4460710823147691,0.43856214742547983
450.1,50.0,0.0,200.0,3.0,1124.4,613.2,28,39.38,6308.33,425.4512,0.461567210664009,0.4407616036231743,0.728326282569941,0.5592383963768257,0.27167371743005897,0.43851163378372565
212.5,0.0,100.4,159.3,8.7,1007.8,903.6,3,13.54,5171.975,222.94499,0.13965366886757194,0.2719126717493733,0.25835896529969865,0.7280873282506267,0.7416410347003013,0.437258925171518
254.0,0.0,0.0,198.0,0.0,968.0,863.0,3,9.31,4193.5,240.7184,0.08695652173913045,0.12652284320528495,0.2996066969936753,0.873477156794715,0.7003933030063247,0.4369458758198252
401.8,94.7,0.0,147.4,11.4,946.8,852.1,3,41.1,7063.030000000001,399.85552,0.4829948922386945,0.5529011101023624,0.6689249779713928,0.4470988898976376,0.33107502202860717,0.43604092410090844
295.0,0.0,0.0,185.0,0.0,1069.0,769.0,7,14.8,4568.55,277.95250000000004,0.15535069141646943,0.18225084360944477,0.3860179240270189,0.8177491563905552,0.613982075972981,0.43560815379911877
300.0,0.0,0.0,184.0,0.0,1075.0,795.0,7,15.58,4644.2,282.63020000000006,0.1650678958515012,0.193491540131441,0.39687372010356897,0.806508459868559,0.603126279896431,0.4349426328669981
424.0,22.0,132.0,168.0,8.9,822.0,750.0,7,40.29,6746.799999999999,413.41640000000007,0.4729039491715461,0.5059130669939567,0.700396459233245,0.49408693300604334,0.299603540766755,0.43487459302897263
295.8,0.0,0.0,185.7,0.0,1091.4,769.3,7,14.84,4602.5650000000005,278.85341,0.15584900959262488,0.18730507086913695,0.38810871549362097,0.812694929130863,0.6118912845063791,0.434071058205623
236.0,0.0,0.0,194.0,0.0,968.0,885.0,3,6.47,4062.3,224.6272,0.0515759312320917,0.10702807276660808,0.262262962716791,0.8929719272333919,0.737737037283209,0.43346520674519606
500.1,0.0,0.0,200.0,3.0,1124.4,613.2,28,44.13,6583.33,467.8512,0.5207424940824718,0.4816233556859498,0.8267262983139436,0.5183766443140502,0.17327370168605638,0.43328383354126254
299.8,0.0,119.8,211.5,9.9,878.2,727.6,28,23.84,5767.915,302.39365,0.26797059922760685,0.36046231729224765,0.4427398472534699,0.6395376827077524,0.5572601527465302,0.4331847584773741
300.0,0.0,120.0,212.0,10.0,878.0,728.0,28,23.84,5782.2,302.7676,0.26797059922760685,0.36258489957667206,0.4436076936187405,0.6374151004233279,0.5563923063812595,0.43243715131495025
288.0,192.0,0.0,192.0,0.0,932.0,717.8,3,16.11,4869.8,280.2866,0.17167061168556122,0.22701303564184894,0.39143479847862445,0.7729869643581511,0.6085652015213756,0.43122334731266226
277.0,0.0,0.0,191.0,0.0,968.0,856.0,3,11.36,4381.65,261.3813,0.11249532826709856,0.15447971102568925,0.34756022730774966,0.8455202889743108,0.6524397726922504,0.43073767955018955
251.8,0.0,99.9,146.1,12.4,1006.0,899.8,3,21.02,5942.405000000001,265.22013000000004,0.2328391678086458,0.38638947044655203,0.3564692115633759,0.613610529553448,0.6435307884366241,0.4307049134018409
296.0,0.0,0.0,192.0,0.0,1085.0,765.0,7,14.2,4592.6,278.9626,0.14787591877413728,0.1858243895625712,0.3883621187417126,0.8141756104374288,0.6116378812582874,0.4303913323109977
313.3,262.2,0.0,175.5,8.6,1046.9,611.8,3,28.8,6358.505,323.2592500000001,0.3297620530708858,0.4482170160222644,0.4911637946239434,0.5517829839777356,0.5088362053760567,0.43003582387389094
250.0,0.0,95.7,187.4,5.5,956.9,861.2,3,13.82,4995.25,249.94132,0.14314189610066028,0.24565342399194046,0.3210108355126771,0.7543465760080595,0.6789891644873229,0.42990488317417574
295.7,0.0,95.6,171.5,8.9,955.1,859.2,3,22.95,5786.544999999999,297.43145,0.25688301980814754,0.36323051525926386,0.43122379635429803,0.6367694847407361,0.568776203645702,0.4298279320006833
255.0,0.0,0.0,192.0,0.0,889.8,945.0,3,8.2,4189.86,241.401,0.073128192350816,0.12598198219616308,0.30119084441695027,0.8740180178038369,0.6988091555830498,0.42977088952212966
213.5,0.0,174.2,159.2,11.7,1043.6,771.9,3,15.61,5599.33,231.10546,0.1654416344836178,0.33541257739587305,0.277297417575134,0.664587422604127,0.7227025824248661,0.42954331849905714
424.0,22.0,132.0,178.0,8.5,822.0,750.0,7,39.0,6699.299999999999,412.6674000000001,0.456833187990532,0.4988551280012954,0.6986582136721069,0.5011448719987046,0.3013417863278931,0.4290382585769154
277.1,0.0,97.4,160.6,11.8,973.9,875.6,3,23.14,6018.460000000001,286.42118,0.25925003114488604,0.3976903451852226,0.4056716562282197,0.6023096548147774,0.5943283437717803,0.42878451521908245
309.9,142.8,111.2,167.8,22.1,913.9,651.2,28,38.22,7693.22,341.50354,0.4471159835555002,0.6465399011294186,0.5335043234738994,0.3534600988705814,0.4664956765261006,0.4285469356269206
318.8,212.5,0.0,155.7,14.3,852.1,880.4,7,33.4,6974.004999999999,336.11951000000005,0.38706864332876545,0.5396730465482218,0.5210093084558292,0.4603269534517782,0.47899069154417084,0.42836373291337
290.4,0.0,96.2,168.1,9.4,961.2,865.0,3,22.5,5815.645,293.69443,0.2512769403263984,0.36755443156845236,0.4225510881742119,0.6324455684315476,0.5774489118257882,0.42811209022753316
233.8,0.0,94.6,197.9,4.6,947.0,852.2,3,10.38,4726.995,233.51857,0.1002865329512894,0.2057938992661228,0.28289765488626634,0.7942061007338772,0.7171023451137337,0.42797037793754744
218.9,0.0,124.1,158.5,11.3,1078.7,794.9,3,15.34,5562.115,234.25635000000003,0.16207798679456834,0.3298828679303596,0.2846098615753138,0.6701171320696404,0.7153901384246861,0.4274158110208658
325.0,0.0,0.0,184.0,0.0,1063.0,783.0,7,17.54,4830.299999999999,304.97420000000005,0.18948548648311947,0.22114380216374108,0.44872867179658765,0.7788561978362589,0.5512713282034123,0.42727462475147754
469.0,117.2,0.0,137.8,32.2,852.1,840.5,28,66.9,10072.010000000002,499.79104,0.804410115858976,1.0,0.9008508445134937,0.0,0.09914915548650627,0.4269923468011146
212.6,0.0,100.4,159.4,10.4,1003.8,903.8,3,13.33,5372.2300000000005,226.20002,0.1370374984427557,0.3016681996014865,0.2659130927347741,0.6983318003985135,0.7340869072652259,0.4266234261373127
230.0,0.0,118.3,195.5,4.6,1029.4,758.6,3,10.03,4747.255,230.92895,0.09592624890992899,0.20880429598172956,0.2768877810944978,0.7911957040182704,0.7231122189055021,0.4265401051859076
252.3,0.0,98.8,146.3,14.2,987.8,889.0,3,21.78,6127.825,268.82489,0.24230721315559986,0.413940692510115,0.3648349766754831,0.586059307489885,0.635165023324517,0.42645968928140043
446.0,24.0,79.0,162.0,11.6,967.0,712.0,28,44.42,7293.5,437.9336,0.5243553008595989,0.5871462300947545,0.7572948758841613,0.41285376990524547,0.24270512411583867,0.4260673739350705
310.0,0.0,0.0,192.0,0.0,970.0,850.0,7,14.99,4658.6,291.0676,0.15771770275320793,0.1956312100576374,0.4164548590856078,0.8043687899423626,0.5835451409143921,0.42583733409079266
250.2,166.8,0.0,203.5,0.0,977.6,694.1,3,9.73,4504.495,245.20595,0.09218886258876294,0.1727330271426044,0.3100212014901847,0.8272669728573956,0.6899787985098154,0.4254058741361842
350.0,0.0,0.0,186.0,0.0,1050.0,770.0,7,20.28,5014.3,327.3058,0.22362028154976957,0.248484028998471,0.5005548461265112,0.751515971001529,0.49944515387348876,0.42455042199363924
289.0,0.0,0.0,192.0,0.0,913.2,895.3,3,11.65,4457.24,271.9397,0.11610813504422575,0.16571149225632642,0.37206368783207694,0.8342885077436736,0.6279363121679231,0.42361027250001204
382.0,0.0,0.0,185.0,0.0,1047.0,739.0,7,24.0,5251.65,355.9265,0.26996387193222876,0.28375143573337913,0.5669764812822748,0.7162485642666209,0.43302351871772515,0.4222999567122009
382.0,0.0,0.0,186.0,0.0,1047.0,739.0,7,24.0,5251.7,355.9268,0.26996387193222876,0.2837588651428451,0.5669771775088013,0.7162411348571549,0.4330228224911987,0.4222979253032028
382.5,0.0,0.0,185.7,0.0,1047.8,739.3,7,24.07,5257.195,356.38461,0.27083592874050083,0.2845753572431541,0.568039642395777,0.7154246427568459,0.431960357604223,0.42226421446051765
362.6,189.0,0.0,164.9,11.6,944.7,755.8,3,35.3,6938.785000000001,369.36207,0.4107387566961505,0.5344397705204005,0.5981571487240118,0.4655602294795995,0.4018428512759882,0.4222201485369722
331.0,0.0,0.0,192.0,0.0,1025.0,821.0,7,17.44,4874.1,310.2626,0.1882396910427308,0.22765196485592143,0.4610017530055636,0.7723480351440786,0.5389982469944363,0.4219564160559941
190.3,0.0,125.2,161.9,9.9,1088.1,802.6,3,9.45,5172.365,206.02877000000004,0.0887006353556746,0.2719706211432077,0.21910056165986358,0.7280293788567923,0.7808994383401364,0.42158252197706947
182.0,45.2,122.0,170.2,8.2,1059.4,780.7,3,7.32,4971.089999999999,197.29016000000004,0.06216519247539555,0.2420635333379889,0.19882038803767726,0.7579364666620111,0.8011796119623227,0.42086161589378124
375.0,93.8,0.0,126.6,23.4,852.1,992.6,7,45.7,8298.35,398.18738,0.5403014824965742,0.7364550721321363,0.6650536335783928,0.26354492786786365,0.33494636642160724,0.4197735648206548
397.0,0.0,0.0,185.7,0.0,1040.6,734.3,7,25.45,5366.804999999999,369.35201,0.28802790581786475,0.30086210867442975,0.5981338019278235,0.6991378913255702,0.4018661980721765,0.41926497525836903
525.0,0.0,0.0,189.0,0.0,1125.0,613.0,7,42.42,6434.95,484.6217,0.4994393920518252,0.45957584015476927,0.8656465215223115,0.5404241598452307,0.13435347847768853,0.4184141056066424
251.4,0.0,118.3,188.5,6.4,1028.4,757.7,3,13.12,5142.705,253.55835,0.13442132801793943,0.26756349544800073,0.3294050762897179,0.7324365045519993,0.6705949237102822,0.4179685210745401
385.0,0.0,0.0,186.0,0.0,966.0,763.0,7,23.22,5204.0,358.0988,0.260246667497197,0.2766712085123201,0.5720178575605932,0.7233287914876799,0.4279821424394068,0.4179510672303702
297.2,0.0,117.5,174.8,9.5,1022.8,753.5,3,21.91,5890.799999999999,300.51484,0.24392674722810517,0.37872157693673536,0.43837958938601734,0.6212784230632646,0.5616204106139826,0.4176880820333644
331.0,0.0,0.0,192.0,0.0,978.0,825.0,7,16.26,4821.7,309.9066,0.17353930484614427,0.2198659437355961,0.46017556419412814,0.7801340562644039,0.5398244358058719,0.4167592754406411
168.9,42.2,124.3,158.3,10.8,1080.8,796.2,3,7.4,5207.924999999999,190.53939000000003,0.0631618288277065,0.2772544171553978,0.18315350421022114,0.7227455828446022,0.8168464957897789,0.4164789340724485
374.0,189.2,0.0,170.1,10.1,926.1,756.7,3,34.4,6835.124999999999,376.66973,0.3995265977326523,0.5190371188155736,0.6151164378525924,0.4809628811844264,0.3848835621474076,0.41622490969928466
307.0,0.0,0.0,193.0,0.0,968.0,812.0,3,12.54,4592.75,288.1619,0.12719571446368505,0.18584667779096908,0.40971144102552876,0.8141533222090309,0.5902885589744713,0.4147083275277181
350.0,0.0,0.0,203.0,0.0,974.0,775.0,7,18.13,4928.95,326.7279,0.1968356795814127,0.23580202704007858,0.4992136817609815,0.7641979729599214,0.5007863182390184,0.41466391259044133
286.3,200.9,0.0,144.7,11.2,1004.6,803.7,3,24.4,6396.705000000001,301.27151000000003,0.27494705369378347,0.4538930848542573,0.44013563513868287,0.5461069151457427,0.5598643648613171,0.4139663468486567
251.4,0.0,118.3,192.9,5.8,1043.6,754.3,3,11.98,5085.765,252.53627000000003,0.12021925999750842,0.2591028839481665,0.32703307892906636,0.7408971160518335,0.6729669210709337,0.413575639279446
425.0,106.3,0.0,151.4,18.6,936.0,803.7,7,46.8,8097.87,434.54752,0.5540052323408496,0.7066661119374262,0.7494366134947639,0.29333388806257377,0.25056338650523613,0.4129769348123773
333.0,0.0,0.0,192.0,0.0,931.2,842.6,3,15.62,4800.14,311.4202,0.16556621402765664,0.21666238237387458,0.463688259095782,0.7833376176261254,0.536311740904218,0.41269544664641417
480.0,0.0,0.0,192.0,0.0,936.2,712.2,7,34.57,5925.24,443.1082,0.4016444499813131,0.3838389541768882,0.7693038551640887,0.6161610458231118,0.23069614483591128,0.4125365226554123
387.0,20.0,94.0,157.0,11.6,938.0,845.0,3,34.77,6907.950000000001,385.4621000000001,0.40413604086209054,0.5298580537027433,0.635521375268326,0.4701419462972567,0.36447862473167403,0.41072316318827795
349.0,0.0,0.0,192.0,0.0,1047.0,806.0,7,18.13,5038.5,326.56359999999995,0.1968356795814127,0.2520798631799952,0.4988323816999735,0.7479201368200048,0.5011676183000264,0.41068977857071415
323.7,282.8,0.0,183.8,10.3,942.7,659.9,3,28.3,6636.179999999999,336.29584,0.32353307586894237,0.4894762414914686,0.5214185272005494,0.5105237585085314,0.4785814727994506,0.4090428457614667
381.4,0.0,0.0,185.7,0.0,1104.6,784.3,28,22.49,5361.004999999999,356.07401,0.25115236078235953,0.30000029717637844,0.5673188158653502,0.6999997028236216,0.43268118413464984,0.40874640213074764
387.0,20.0,94.0,157.0,14.3,938.0,845.0,7,36.84,7231.950000000001,390.5381000000001,0.4299240064781364,0.5780006270421589,0.6473015280965468,0.42199937295784107,0.35269847190345316,0.4086364644543918
388.6,97.1,0.0,157.9,12.1,852.1,925.7,7,34.9,7002.515,389.02987,0.40575557493459574,0.5439092958257119,0.643801295649717,0.4560907041742881,0.356198704350283,0.4059501395984406
500.0,0.0,0.0,200.0,0.0,1125.0,613.0,14,36.94,6223.0,462.125,0.431169801918525,0.42808257342856837,0.813437190527309,0.5719174265714316,0.186562809472691,0.40520495997029315
310.0,0.0,0.0,192.0,0.0,1012.0,830.0,3,11.85,4689.0,291.3036,0.11859972592500313,0.20014829101294052,0.41700255728644703,0.7998517089870595,0.5829974427135529,0.4050121508876547
305.3,203.5,0.0,203.5,0.0,965.4,631.0,3,14.14,5005.205,296.29125000000005,0.1471284415099041,0.2471326194166129,0.4285776714026163,0.7528673805833871,0.5714223285973836,0.4046366480501447
331.0,0.0,0.0,192.0,0.0,879.0,825.0,3,13.52,4702.9,309.1146,0.1394045097794942,0.20221366684447706,0.45833752616419293,0.7977863331555229,0.5416624738358071,0.4045644566375796
331.0,0.0,0.0,192.0,0.0,1025.0,821.0,3,14.31,4874.1,310.2626,0.14924629375856485,0.22765196485592143,0.4610017530055636,0.7723480351440786,0.5389982469944363,0.4024597174139112
540.0,0.0,0.0,173.0,0.0,1125.0,613.0,3,41.64,6561.65,498.1169,0.4897221876167934,0.4784019637415099,0.8969655755899639,0.5215980362584901,0.10303442441003607,0.40101920897552823
310.0,143.0,111.0,168.0,22.0,914.0,651.0,28,33.69,7682.2,341.41040000000004,0.3906814501058926,0.6449024592831212,0.533288168344975,0.3550975407168788,0.46671183165502494,0.40079306814592225
284.0,15.0,141.0,179.0,5.5,842.0,801.0,3,13.4,5221.349999999999,281.3217,0.13790955525102777,0.27924921359700783,0.39383701207052585,0.7207507864029922,0.6061629879294741,0.4006832212086304
331.0,0.0,0.0,192.0,0.0,978.0,825.0,3,13.52,4821.7,309.9066,0.1394045097794942,0.2198659437355961,0.46017556419412814,0.7801340562644039,0.5398244358058719,0.39969187790731603
250.0,0.0,95.7,191.8,5.3,948.9,857.2,3,8.49,4957.87,249.48264,0.0767409991279432,0.24009919747518937,0.31994635156877477,0.7599008025248106,0.6800536484312252,0.39835911230298054
249.1,0.0,98.8,158.1,12.8,987.8,889.0,3,15.36,5933.215,263.31643,0.16232714588264607,0.38502394498670867,0.3520511901017754,0.6149760550132913,0.6479488098982247,0.39689478916920207
349.0,0.0,0.0,192.0,0.0,1056.0,809.0,3,15.87,5052.3,326.6506,0.16868070262862836,0.2541303801925999,0.49903428739265593,0.7458696198074001,0.5009657126073441,0.39604918441800024
446.0,24.0,79.0,162.0,11.6,967.0,712.0,7,39.3,7293.5,437.9336,0.460570574311698,0.5871462300947545,0.7572948758841613,0.41285376990524547,0.24270512411583867,0.39417501066112004
491.0,26.0,123.0,201.0,3.9,822.0,699.0,7,37.92,6660.95,464.0363,0.4433785972343342,0.4931567709409048,0.8178728497275805,0.5068432290590952,0.18212715027241955,0.3939318934500458
310.0,0.0,0.0,192.0,0.0,971.0,850.6,3,9.87,4660.400000000001,291.07859999999994,0.09393297620530709,0.1958986687984119,0.41648038739157883,0.8041013312015881,0.5835196126084212,0.3938717240551559
339.0,0.0,0.0,197.0,0.0,968.0,781.0,3,13.22,4833.95,316.8081,0.13566712345832815,0.22168614905475614,0.476192255436044,0.7783138509452439,0.523807744563956,0.39336396060646406
439.0,177.0,0.0,186.0,11.1,884.9,707.9,3,39.3,7373.58,435.8465,0.460570574311698,0.5990451722954346,0.7524512279393663,0.40095482770456536,0.24754877206063375,0.3924111870971488
349.0,0.0,0.0,192.0,0.0,1047.0,806.9,3,15.05,5039.4,326.5681,0.15846518001744114,0.25221359255038245,0.498842825097871,0.7477864074496176,0.5011571749021291,0.3914684855966572
349.0,0.0,0.0,192.0,0.0,1047.0,806.0,3,14.99,5038.5,326.56359999999995,0.15771770275320793,0.2520798631799952,0.4988323816999735,0.7479201368200048,0.5011676183000264,0.3911307901566118
393.0,0.0,0.0,192.0,0.0,940.0,758.0,3,19.11,5236.1,365.0676,0.20904447489722186,0.281440889389466,0.5881907356199518,0.718559110610534,0.41180926438004817,0.3871143311962565
436.0,0.0,0.0,218.0,0.0,838.4,719.7,28,23.85,5442.679999999999,402.7711000000001,0.26809517877164574,0.31213623753902275,0.6756913250917445,0.6878637624609772,0.32430867490825555,0.38709069872813107
393.0,0.0,0.0,192.0,0.0,940.6,785.6,3,19.2,5264.42,365.2104,0.2101656907935717,0.2856489069109852,0.5885221394465612,0.7143510930890148,0.4114778605534388,0.38654008380739924
446.0,24.0,79.0,162.0,11.6,967.0,712.0,7,38.02,7293.5,437.9336,0.44462439267472287,0.5871462300947545,0.7572948758841613,0.41285376990524547,0.24270512411583867,0.38620191984263247
337.9,189.0,0.0,174.9,9.5,944.7,755.8,3,24.1,6477.335,343.18707,0.2712096673726175,0.4658737505590629,0.5374113842877084,0.5341262494409371,0.4625886157122916,0.38478354997461595
424.0,22.0,132.0,168.0,8.9,822.0,750.0,3,32.11,6746.799999999999,413.41640000000007,0.37099788214775137,0.5059130669939567,0.700396459233245,0.49408693300604334,0.299603540766755,0.38392155951707524
424.0,22.0,132.0,178.0,8.5,882.0,750.0,3,32.01,6771.299999999999,413.14740000000006,0.36975208670736265,0.5095534776322768,0.6997721761144919,0.49044652236772324,0.30022782388550806,0.3825446299169892
516.0,0.0,0.0,162.0,8.2,801.0,802.0,28,41.37,7141.3,490.28260000000006,0.4863585399277439,0.5645311076803747,0.8787840840016801,0.43546889231962527,0.12121591599831993,0.38235047204335826
500.0,0.0,0.0,200.0,0.0,1125.0,613.0,7,33.21,6223.0,462.125,0.38470163199202695,0.42808257342856837,0.813437190527309,0.5719174265714316,0.186562809472691,0.38197087500704413
516.0,0.0,0.0,162.0,8.3,801.0,802.0,28,41.37,7153.3,490.4706000000001,0.4863585399277439,0.5663141659522051,0.879220385958281,0.4336858340477949,0.120779614041719,0.38179563198625044
376.0,0.0,0.0,214.6,0.0,1003.5,762.4,3,16.28,5173.33,350.3043800000001,0.173788463934222,0.27211400874590075,0.5539289176852309,0.7278859912540993,0.4460710823147691,0.3803835003593281
318.8,212.5,0.0,155.7,14.3,852.1,880.4,3,25.2,6974.004999999999,336.11951000000005,0.284913417216893,0.5396730465482218,0.5210093084558292,0.4603269534517782,0.47899069154417084,0.37728611985743377
359.0,19.0,141.0,154.0,10.9,942.0,801.0,3,25.12,6637.599999999999,359.97420000000005,0.2839167808645821,0.4896872367203018,0.5763702016531949,0.5103127632796982,0.42362979834680514,0.37544403083891686
389.9,189.0,0.0,145.9,22.0,944.7,755.8,3,40.6,8417.885,413.4783699999999,0.47676591503675103,0.754216561342405,0.7005402764260669,0.245783438657595,0.29945972357393313,0.37469374807625755
475.0,118.8,0.0,181.1,8.9,852.1,781.5,3,37.8,7274.975,461.18823,0.4418836427058677,0.5843936338876168,0.8112631767832403,0.4156063661123832,0.18873682321675966,0.3720276186852196
446.0,24.0,79.0,162.0,11.6,967.0,712.0,3,35.36,7293.5,437.9336,0.41148623396038375,0.5871462300947545,0.7572948758841613,0.41285376990524547,0.24270512411583867,0.3696328404854629
359.0,19.0,141.0,154.0,10.9,942.0,801.0,3,23.64,6637.599999999999,359.97420000000005,0.26547900834682947,0.4896872367203018,0.5763702016531949,0.5103127632796982,0.42362979834680514,0.3662251445800406
385.0,0.0,0.0,186.0,0.0,966.0,763.0,3,14.7,5204.0,358.0988,0.1541048959760807,0.2766712085123201,0.5720178575605932,0.7233287914876799,0.4279821424394068,0.36488018146981205
525.0,0.0,0.0,189.0,0.0,1125.0,613.0,3,33.8,6434.95,484.6217,0.39205182509032016,0.45957584015476927,0.8656465215223115,0.5404241598452307,0.13435347847768853,0.3647203221258899
388.6,97.1,0.0,157.9,12.1,852.1,925.7,3,28.1,7002.515,389.02987,0.321041484988165,0.5439092958257119,0.643801295649717,0.4560907041742881,0.356198704350283,0.36359309462522527
531.3,0.0,0.0,141.8,28.2,852.1,893.7,91,59.2,9823.36,542.5138399999998,0.7084838669490471,0.9630535467257848,0.9999999999999998,0.036946453274215196,2.220446049250313e-16,0.3634785467930774
491.0,26.0,123.0,210.0,3.9,882.0,699.0,7,33.49,6733.4,464.519,0.3881898592251153,0.5039219852570798,0.818993078208704,0.49607801474292024,0.18100692179129596,0.3633661637461117
531.3,0.0,0.0,141.8,28.2,852.1,893.7,56,58.8,9823.36,542.5138399999998,0.7035006851874922,0.9630535467257848,0.9999999999999998,0.036946453274215196,2.220446049250313e-16,0.36098695591229996
381.4,0.0,0.0,185.7,0.0,1104.6,784.3,7,14.54,5361.004999999999,356.07401,0.1521116232714588,0.30000029717637844,0.5673188158653502,0.6999997028236216,0.43268118413464984,0.35922603337529724
349.0,0.0,0.0,192.0,0.0,1056.0,809.0,7,9.01,5052.3,326.6506,0.08321913541796437,0.2541303801925999,0.49903428739265593,0.7458696198074001,0.5009657126073441,0.35331840081266824
469.0,117.2,0.0,137.8,32.2,852.1,840.5,7,54.9,10072.010000000002,499.79104,0.6549146630123334,1.0,0.9008508445134937,0.0,0.09914915548650627,0.35224462037779325
480.0,0.0,0.0,192.0,0.0,936.2,712.2,3,24.4,5925.24,443.1082,0.27494705369378347,0.3838389541768882,0.7693038551640887,0.6161610458231118,0.23069614483591128,0.34918782451164754
480.0,0.0,0.0,192.0,0.0,936.0,721.0,3,24.39,5933.8,443.1506,0.27482247414974464,0.3851108690774604,0.7694022551798325,0.6148891309225396,0.23059774482016748,0.3487829560105491
425.0,106.3,0.0,151.4,18.6,936.0,803.7,3,36.3,8097.87,434.54752,0.42319671110003737,0.7066661119374262,0.7494366134947639,0.29333388806257377,0.25056338650523613,0.3475726741919712
531.3,0.0,0.0,141.8,28.2,852.1,893.7,28,56.4,9823.36,542.5138399999998,0.6736015946181637,0.9630535467257848,0.9999999999999998,0.036946453274215196,2.220446049250313e-16,0.3460374106276357
362.6,189.0,0.0,164.9,11.6,944.7,755.8,7,22.9,6938.785000000001,369.36207,0.2562601220879532,0.5344397705204005,0.5981571487240118,0.4655602294795995,0.4018428512759882,0.3449808312328735
379.5,151.2,0.0,153.9,15.9,1134.3,605.0,3,28.6,7561.205,391.44997,0.3272704621901084,0.6269240313164466,0.6494177550389164,0.3730759686835534,0.3505822449610836,0.34454978450621343
425.0,106.3,0.0,153.5,16.5,852.1,887.1,3,33.4,7828.6950000000015,430.34595,0.38706864332876545,0.6666698860774354,0.7396857985384071,0.3333301139225646,0.2603142014615929,0.3419454005104221
491.0,26.0,123.0,201.0,3.9,822.0,699.0,3,29.55,6660.95,464.0363,0.33910551887380097,0.4931567709409048,0.8178728497275805,0.5068432290590952,0.18212715027241955,0.3417953542697792
387.0,20.0,94.0,157.0,13.9,938.0,845.0,3,25.51,7183.950000000001,389.7861000000001,0.288775383082098,0.570868393954838,0.6455563202701438,0.429131606045162,0.35444367972985624,0.3402815129848036
382.0,0.0,0.0,186.0,0.0,1111.0,784.0,7,11.47,5373.5,356.6638,0.1138657032515261,0.30185690660192177,0.5686875740088799,0.6981430933980782,0.4313124259911201,0.3392967314730626
500.0,0.0,0.0,200.0,0.0,1125.0,613.0,3,26.06,6223.0,462.125,0.2956272580042357,0.42808257342856837,0.813437190527309,0.5719174265714316,0.186562809472691,0.33743368801314855
387.0,20.0,94.0,157.0,14.3,938.0,845.0,3,22.75,7231.950000000001,390.5381000000001,0.25439142892737016,0.5780006270421589,0.6473015280965468,0.42199937295784107,0.35269847190345316,0.32087017567900866
375.0,93.8,0.0,126.6,23.4,852.1,992.6,3,29.0,8298.35,398.18738,0.3322536439516632,0.7364550721321363,0.6650536335783928,0.26354492786786365,0.33494636642160724,0.3157496455481993
491.0,26.0,123.0,210.0,3.9,882.0,699.0,3,25.61,6733.4,464.519,0.29002117852248666,0.5039219852570798,0.818993078208704,0.49607801474292024,0.18100692179129596,0.3142818233947974
385.0,0.0,0.0,186.0,0.0,966.0,763.0,1,6.27,5204.0,358.0988,0.049084340351314315,0.2766712085123201,0.5720178575605932,0.7233287914876799,0.4279821424394068,0.31236990365742884
446.0,24.0,79.0,162.0,11.6,967.0,712.0,3,25.02,7293.5,437.9336,0.2826709854241934,0.5871462300947545,0.7572948758841613,0.41285376990524547,0.24270512411583867,0.30522521621736776
446.0,24.0,79.0,162.0,11.6,967.0,712.0,3,23.35,7293.5,437.9336,0.2618662015697023,0.5871462300947545,0.7572948758841613,0.41285376990524547,0.24270512411583867,0.2948228242901222
531.3,0.0,0.0,141.8,28.2,852.1,893.7,7,46.9,9823.36,542.5138399999998,0.5552510277812384,0.9630535467257848,0.9999999999999998,0.036946453274215196,2.220446049250313e-16,0.28686212720917303
469.0,117.2,0.0,137.8,32.2,852.1,840.5,3,40.2,10072.010000000002,499.79104,0.47178273327519626,1.0,0.9008508445134937,0.0,0.09914915548650627,0.2606786555092247
500.0,0.0,0.0,200.0,0.0,1125.0,613.0,1,12.64,6223.0,462.125,0.12844150990407374,0.42808257342856837,0.813437190527309,0.5719174265714316,0.186562809472691,0.2538408139630675
531.3,0.0,0.0,141.8,28.2,852.1,893.7,3,41.3,9823.36,542.5138399999998,0.48548648311947185,0.9630535467257848,0.9999999999999998,0.036946453274215196,2.220446049250313e-16,0.2519798548782898
